conv_id,#_questions,#_txt_spk,#_messages,#_authors,,,,
1,0,0,1,1,,,,
2,1,0,17,4,,,,
3,2,1,12,3,,,,
4,5,0,20,4,,,messages,authors
5,0,0,1,1,,average,11.00602894,2.581189711
6,0,0,6,1,,median,4,2
7,3,0,5,2,,maximum,246,15
8,1,0,1,1,,minimum,1,1
9,0,0,5,2,,,,
10,1,0,2,2,,,,
11,0,0,9,3,,,,
12,10,0,40,3,,,,
13,0,0,1,1,,,,
14,1,0,1,1,,,,
15,5,2,39,4,,,,
16,5,2,8,4,,,,
17,0,1,9,3,,,,
18,0,0,2,1,,,,
19,3,0,26,4,,,,
20,1,0,11,5,,,,
21,0,0,1,1,,,,
22,0,0,2,1,,,,
23,1,0,6,3,,,,
24,2,0,17,7,,,,
25,0,0,1,1,,,,
26,1,0,1,1,,,,
27,0,0,4,2,,,,
28,2,0,11,2,,,,
29,1,0,5,2,,,,
30,1,0,2,2,,,,
31,2,0,8,4,,,,
32,0,0,1,1,,,,
33,2,0,12,5,,,,
34,0,0,1,1,,,,
35,2,0,7,2,,,,
36,0,0,7,2,,,,
37,2,0,6,3,,,,
38,4,0,17,3,,,,
39,18,0,132,10,,,,
40,0,0,3,2,,,,
41,2,0,17,5,,,,
42,1,0,6,2,,,,
43,0,0,3,2,,,,
44,3,2,23,5,,,,
45,0,0,1,1,,,,
46,18,0,89,5,,,,
47,0,0,1,1,,,,
48,4,0,9,5,,,,
49,1,0,1,1,,,,
50,1,0,12,3,,,,
51,1,0,2,2,,,,
52,1,0,4,1,,,,
53,0,0,2,1,,,,
54,1,0,1,1,,,,
55,0,0,3,2,,,,
56,0,0,3,2,,,,
57,5,0,9,4,,,,
58,0,0,1,1,,,,
59,4,0,8,2,,,,
60,2,0,9,4,,,,
61,1,0,2,2,,,,
62,0,1,3,3,,,,
63,2,0,39,4,,,,
64,3,0,7,2,,,,
65,0,0,1,1,,,,
66,1,0,6,3,,,,
67,0,0,1,1,,,,
68,2,0,11,4,,,,
69,1,0,2,2,,,,
70,1,0,1,1,,,,
71,6,0,14,4,,,,
72,0,0,2,1,,,,
73,2,0,21,3,,,,
74,0,0,3,1,,,,
75,1,0,1,1,,,,
76,2,1,17,5,,,,
77,1,0,2,2,,,,
78,4,1,15,3,,,,
79,0,0,4,2,,,,
80,2,0,10,3,,,,
81,0,0,1,1,,,,
82,12,1,59,9,,,,
83,3,0,13,2,,,,
84,0,0,2,2,,,,
85,3,0,11,3,,,,
86,1,0,1,1,,,,
87,0,0,1,1,,,,
88,0,0,10,2,,,,
89,4,0,11,4,,,,
90,2,0,6,3,,,,
91,8,0,24,4,,,,
92,0,0,1,1,,,,
93,19,1,82,9,,,,
94,6,1,39,7,,,,
95,0,3,35,10,,,,
96,1,0,2,1,,,,
97,0,0,2,2,,,,
98,0,0,3,3,,,,
99,0,0,1,1,,,,
100,0,0,2,2,,,,
101,3,0,15,4,,,,
102,0,0,1,1,,,,
103,5,0,34,4,,,,
104,2,0,9,4,,,,
105,0,0,1,1,,,,
106,1,0,5,3,,,,
107,2,0,2,2,,,,
108,4,0,26,7,,,,
109,0,0,2,1,,,,
110,3,1,36,11,,,,
111,0,0,1,1,,,,
112,0,0,2,2,,,,
113,4,0,49,4,,,,
114,0,0,1,1,,,,
115,6,0,24,3,,,,
116,5,0,14,4,,,,
117,1,0,2,2,,,,
118,1,0,5,2,,,,
119,3,0,15,2,,,,
120,1,0,1,1,,,,
121,4,0,12,2,,,,
122,1,0,7,2,,,,
123,6,0,54,6,,,,
124,1,0,3,1,,,,
125,0,0,1,1,,,,
126,0,0,3,2,,,,
127,3,0,8,4,,,,
128,0,0,2,2,,,,
129,1,0,2,2,,,,
130,3,0,7,3,,,,
131,3,1,43,5,,,,
132,3,1,8,4,,,,
133,2,1,6,3,,,,
134,0,0,1,1,,,,
135,1,4,8,3,,,,
136,4,0,6,2,,,,
137,1,0,5,3,,,,
138,2,0,8,3,,,,
139,2,0,12,4,,,,
140,0,0,3,2,,,,
141,3,1,8,4,,,,
142,0,0,1,1,,,,
143,1,1,4,3,,,,
144,2,0,5,3,,,,
145,6,0,15,3,,,,
146,1,0,2,1,,,,
147,0,0,2,1,,,,
148,0,0,1,1,,,,
149,2,0,18,5,,,,
150,1,0,7,5,,,,
151,21,4,101,9,,,,
152,1,0,1,1,,,,
153,0,0,1,1,,,,
154,1,0,2,1,,,,
155,8,0,73,6,,,,
156,1,0,1,1,,,,
157,0,0,1,1,,,,
158,1,0,1,1,,,,
159,0,0,1,1,,,,
160,1,0,1,1,,,,
161,6,2,20,3,,,,
162,3,0,3,2,,,,
163,0,0,8,5,,,,
164,0,0,1,1,,,,
165,1,0,5,3,,,,
166,0,0,1,1,,,,
167,2,0,3,1,,,,
168,2,0,5,2,,,,
169,3,0,9,4,,,,
170,2,0,7,2,,,,
171,0,0,1,1,,,,
172,5,1,11,3,,,,
173,5,0,32,4,,,,
174,1,0,11,2,,,,
175,5,2,5,3,,,,
176,1,0,1,1,,,,
177,1,0,2,1,,,,
178,0,0,2,1,,,,
179,2,0,9,4,,,,
180,1,0,1,1,,,,
181,1,0,3,3,,,,
182,2,0,3,2,,,,
183,1,0,3,1,,,,
184,1,0,2,1,,,,
185,3,0,16,4,,,,
186,0,0,2,1,,,,
187,1,0,7,2,,,,
188,1,0,1,1,,,,
189,0,0,1,1,,,,
190,7,0,23,4,,,,
191,2,0,2,1,,,,
192,1,0,7,2,,,,
193,2,0,29,4,,,,
194,0,0,6,3,,,,
195,4,1,25,6,,,,
196,0,0,1,1,,,,
197,0,0,10,2,,,,
198,21,1,129,8,,,,
199,0,0,1,1,,,,
200,0,0,1,1,,,,
201,1,1,5,2,,,,
202,0,0,3,1,,,,
203,6,1,33,4,,,,
204,2,0,4,2,,,,
205,1,1,1,1,,,,
206,0,0,2,1,,,,
207,0,0,14,2,,,,
208,1,0,2,2,,,,
209,0,0,3,1,,,,
210,2,0,5,2,,,,
211,1,0,7,3,,,,
212,7,0,47,3,,,,
213,0,0,12,4,,,,
214,11,1,80,6,,,,
215,0,0,1,1,,,,
216,1,0,1,1,,,,
217,1,0,4,2,,,,
218,23,6,102,9,,,,
219,1,0,2,1,,,,
220,0,0,4,2,,,,
221,5,0,19,2,,,,
222,22,3,93,5,,,,
223,1,0,1,1,,,,
224,1,0,3,2,,,,
225,7,0,62,5,,,,
226,0,0,1,1,,,,
227,0,0,1,1,,,,
228,0,0,4,2,,,,
229,1,0,6,5,,,,
230,0,0,1,1,,,,
231,0,0,6,4,,,,
232,0,0,6,3,,,,
233,1,0,1,1,,,,
234,7,0,30,3,,,,
235,2,0,10,2,,,,
236,3,0,13,2,,,,
237,3,0,6,2,,,,
238,7,0,47,4,,,,
239,1,0,8,4,,,,
240,2,0,3,2,,,,
241,0,0,5,3,,,,
242,0,0,1,1,,,,
243,6,0,34,4,,,,
244,6,0,34,6,,,,
245,1,0,8,4,,,,
246,0,2,30,3,,,,
247,2,0,3,2,,,,
248,0,0,3,2,,,,
249,4,0,7,4,,,,
250,0,1,1,1,,,,
251,2,2,9,3,,,,
252,1,0,7,3,,,,
253,2,0,24,5,,,,
254,0,0,3,2,,,,
255,2,1,24,3,,,,
256,0,1,6,2,,,,
257,2,0,5,2,,,,
258,1,0,2,1,,,,
259,1,0,1,1,,,,
260,1,0,1,1,,,,
261,0,0,5,2,,,,
262,2,0,2,2,,,,
263,0,1,6,2,,,,
264,5,0,17,4,,,,
265,5,2,45,6,,,,
266,1,0,4,2,,,,
267,5,0,22,2,,,,
268,1,0,2,2,,,,
269,0,0,2,1,,,,
270,1,2,3,2,,,,
271,3,6,32,5,,,,
272,2,2,6,5,,,,
273,4,2,15,6,,,,
274,1,0,1,1,,,,
275,2,0,22,3,,,,
276,3,0,40,4,,,,
277,2,0,4,3,,,,
278,2,1,31,6,,,,
279,0,0,3,2,,,,
280,4,1,11,4,,,,
281,1,0,4,3,,,,
282,6,0,25,3,,,,
283,16,0,58,6,,,,
284,2,0,5,2,,,,
285,1,0,12,3,,,,
286,0,0,1,1,,,,
287,1,0,1,1,,,,
288,1,1,5,2,,,,
289,6,0,33,7,,,,
290,8,0,39,7,,,,
291,0,0,1,1,,,,
292,0,0,1,1,,,,
293,2,0,12,4,,,,
294,1,0,9,4,,,,
295,0,0,1,1,,,,
296,1,0,8,3,,,,
297,2,0,6,3,,,,
298,0,0,3,2,,,,
299,1,0,20,5,,,,
300,0,0,2,2,,,,
301,0,0,1,1,,,,
302,0,0,5,2,,,,
303,0,0,6,1,,,,
304,0,0,2,1,,,,
305,8,1,35,3,,,,
306,3,0,16,3,,,,
307,4,0,18,5,,,,
308,0,0,2,1,,,,
309,3,0,5,2,,,,
310,1,0,1,1,,,,
311,0,0,15,5,,,,
312,0,0,1,1,,,,
313,1,0,9,2,,,,
314,2,0,9,4,,,,
315,0,0,2,1,,,,
316,2,0,6,3,,,,
317,1,0,1,1,,,,
318,11,1,61,3,,,,
319,1,0,1,1,,,,
320,2,0,17,5,,,,
321,0,0,2,2,,,,
322,1,0,2,1,,,,
323,3,0,7,2,,,,
324,1,0,8,2,,,,
325,0,0,1,1,,,,
326,0,0,1,1,,,,
327,3,1,31,4,,,,
328,1,0,3,2,,,,
329,0,0,2,1,,,,
330,6,0,18,4,,,,
331,0,0,4,3,,,,
332,1,0,1,1,,,,
333,1,0,8,3,,,,
334,2,0,32,5,,,,
335,1,0,2,2,,,,
336,2,0,4,3,,,,
337,2,0,22,3,,,,
338,4,0,44,3,,,,
339,0,0,1,1,,,,
340,0,0,6,2,,,,
341,1,0,1,1,,,,
342,0,0,4,1,,,,
343,0,0,3,1,,,,
344,0,0,1,1,,,,
345,0,0,1,1,,,,
346,3,0,21,2,,,,
347,0,0,2,1,,,,
348,2,0,2,1,,,,
349,0,0,2,1,,,,
350,7,0,26,5,,,,
351,1,0,8,3,,,,
352,13,0,76,14,,,,
353,0,0,2,2,,,,
354,1,0,1,1,,,,
355,3,0,9,3,,,,
356,8,0,59,9,,,,
357,0,0,2,1,,,,
358,6,0,14,2,,,,
359,3,0,13,4,,,,
360,1,0,3,2,,,,
361,4,0,19,7,,,,
362,2,0,6,3,,,,
363,0,0,1,1,,,,
364,0,0,1,1,,,,
365,9,2,38,3,,,,
366,0,0,1,1,,,,
367,2,0,8,2,,,,
368,1,0,1,1,,,,
369,10,9,65,3,,,,
370,1,0,1,1,,,,
371,2,1,11,2,,,,
372,1,0,7,4,,,,
373,0,0,1,1,,,,
374,1,0,12,2,,,,
375,14,2,86,4,,,,
376,0,0,2,2,,,,
377,0,0,3,2,,,,
378,1,0,3,3,,,,
379,1,2,6,3,,,,
380,0,0,4,3,,,,
381,1,0,5,2,,,,
382,1,0,4,3,,,,
383,1,0,2,2,,,,
384,0,2,15,3,,,,
385,0,0,3,1,,,,
386,1,0,3,2,,,,
387,1,0,1,1,,,,
388,0,0,1,1,,,,
389,2,0,11,2,,,,
390,0,0,1,1,,,,
391,0,0,1,1,,,,
392,1,0,1,1,,,,
393,2,1,7,2,,,,
394,10,0,60,2,,,,
395,1,0,1,1,,,,
396,2,0,13,3,,,,
397,0,0,1,1,,,,
398,1,0,1,1,,,,
399,1,0,6,2,,,,
400,1,0,3,2,,,,
401,1,0,2,2,,,,
402,2,0,2,2,,,,
403,6,0,35,7,,,,
404,1,0,1,1,,,,
405,0,0,1,1,,,,
406,1,0,2,1,,,,
407,0,0,2,1,,,,
408,1,0,3,2,,,,
409,1,0,2,2,,,,
410,3,0,12,5,,,,
411,1,0,15,3,,,,
412,0,0,4,2,,,,
413,0,0,1,1,,,,
414,8,0,20,2,,,,
415,1,1,15,3,,,,
416,3,0,22,4,,,,
417,2,0,3,3,,,,
418,1,0,1,1,,,,
419,4,0,14,3,,,,
420,12,1,71,8,,,,
421,2,0,2,2,,,,
422,1,0,12,3,,,,
423,19,0,89,9,,,,
424,1,0,1,1,,,,
425,1,0,1,1,,,,
426,0,0,1,1,,,,
427,0,0,1,1,,,,
428,1,0,1,1,,,,
429,6,0,27,7,,,,
430,0,0,1,1,,,,
431,0,0,4,3,,,,
432,18,1,115,11,,,,
433,0,0,3,2,,,,
434,0,0,1,1,,,,
435,5,1,63,9,,,,
436,0,0,6,3,,,,
437,4,0,29,3,,,,
438,1,0,1,1,,,,
439,0,0,1,1,,,,
440,3,1,11,2,,,,
441,2,0,6,2,,,,
442,1,0,4,1,,,,
443,1,0,2,2,,,,
444,1,0,3,1,,,,
445,3,0,25,4,,,,
446,1,0,1,1,,,,
447,1,0,3,2,,,,
448,3,0,9,3,,,,
449,2,0,6,3,,,,
450,2,0,3,3,,,,
451,10,0,60,5,,,,
452,1,0,2,2,,,,
453,0,0,1,1,,,,
454,2,1,12,4,,,,
455,2,0,19,7,,,,
456,4,0,13,3,,,,
457,2,0,18,3,,,,
458,15,2,52,12,,,,
459,1,1,1,1,,,,
460,1,0,1,1,,,,
461,0,0,3,3,,,,
462,2,0,8,3,,,,
463,0,0,3,1,,,,
464,1,0,7,2,,,,
465,0,0,2,2,,,,
466,0,0,1,1,,,,
467,0,1,7,2,,,,
468,8,1,36,12,,,,
469,1,0,2,1,,,,
470,0,0,1,1,,,,
471,0,0,1,1,,,,
472,1,0,3,1,,,,
473,0,0,1,1,,,,
474,11,3,86,7,,,,
475,0,0,1,1,,,,
476,1,0,1,1,,,,
477,0,0,1,1,,,,
478,1,0,2,2,,,,
479,1,0,17,4,,,,
480,0,0,1,1,,,,
481,3,0,4,2,,,,
482,0,0,1,1,,,,
483,1,0,4,2,,,,
484,1,0,1,1,,,,
485,3,0,41,6,,,,
486,1,0,3,2,,,,
487,2,0,3,2,,,,
488,1,0,2,2,,,,
489,0,0,8,2,,,,
490,0,0,2,2,,,,
491,4,0,39,4,,,,
492,0,0,1,1,,,,
493,1,0,1,1,,,,
494,18,1,64,5,,,,
495,3,0,4,1,,,,
496,1,0,1,1,,,,
497,6,1,59,7,,,,
498,0,0,3,2,,,,
499,1,0,4,2,,,,
500,3,0,7,2,,,,
501,8,1,42,2,,,,
502,1,0,1,1,,,,
503,3,0,20,3,,,,
504,0,0,1,1,,,,
505,5,0,29,2,,,,
506,0,0,1,1,,,,
507,0,0,5,1,,,,
508,10,2,80,8,,,,
509,0,0,1,1,,,,
510,1,0,2,2,,,,
511,0,0,1,1,,,,
512,0,0,2,2,,,,
513,0,0,4,2,,,,
514,0,1,5,1,,,,
515,0,0,4,2,,,,
516,3,0,7,3,,,,
517,1,0,12,4,,,,
518,0,0,1,1,,,,
519,3,0,14,2,,,,
520,1,0,4,2,,,,
521,1,0,3,1,,,,
522,2,0,10,4,,,,
523,2,0,2,1,,,,
524,1,0,18,2,,,,
525,1,0,6,3,,,,
526,7,1,79,11,,,,
527,0,0,1,1,,,,
528,2,0,2,2,,,,
529,23,0,94,5,,,,
530,1,0,5,3,,,,
531,9,0,76,4,,,,
532,0,0,1,1,,,,
533,2,0,22,7,,,,
534,1,0,2,2,,,,
535,1,0,1,1,,,,
536,3,3,14,3,,,,
537,4,0,20,4,,,,
538,2,1,11,3,,,,
539,1,1,5,2,,,,
540,3,0,17,5,,,,
541,2,0,3,3,,,,
542,1,0,3,2,,,,
543,0,0,3,2,,,,
544,0,0,5,3,,,,
545,5,2,10,3,,,,
546,1,0,4,2,,,,
547,1,0,4,3,,,,
548,0,0,1,1,,,,
549,0,0,5,2,,,,
550,0,0,4,2,,,,
551,4,0,9,2,,,,
552,2,0,7,4,,,,
553,0,0,1,1,,,,
554,2,1,14,4,,,,
555,1,0,1,1,,,,
556,3,0,16,3,,,,
557,5,0,37,4,,,,
558,0,0,1,1,,,,
559,2,0,6,3,,,,
560,11,2,90,10,,,,
561,1,1,2,2,,,,
562,2,0,3,2,,,,
563,2,0,4,3,,,,
564,2,0,9,3,,,,
565,2,0,9,3,,,,
566,2,0,4,2,,,,
567,1,0,1,1,,,,
568,3,0,12,4,,,,
569,1,0,1,1,,,,
570,2,0,38,5,,,,
571,3,0,67,3,,,,
572,13,2,73,4,,,,
573,1,0,2,1,,,,
574,0,0,1,1,,,,
575,0,0,3,1,,,,
576,1,0,1,1,,,,
577,3,0,26,4,,,,
578,3,0,8,2,,,,
579,2,0,15,8,,,,
580,1,0,2,2,,,,
581,1,0,6,3,,,,
582,3,0,7,3,,,,
583,0,0,11,3,,,,
584,0,0,1,1,,,,
585,0,0,2,1,,,,
586,0,0,3,1,,,,
587,4,0,8,2,,,,
588,0,0,1,1,,,,
589,0,0,3,2,,,,
590,0,0,1,1,,,,
591,0,0,8,1,,,,
592,2,0,6,4,,,,
593,0,0,2,1,,,,
594,3,0,6,2,,,,
595,0,0,2,1,,,,
596,0,0,6,2,,,,
597,0,0,1,1,,,,
598,0,0,1,1,,,,
599,0,1,1,1,,,,
600,4,0,21,4,,,,
601,1,0,7,3,,,,
602,3,0,10,2,,,,
603,2,0,13,6,,,,
604,0,0,3,2,,,,
605,3,0,12,2,,,,
606,1,0,2,1,,,,
607,1,0,3,2,,,,
608,3,0,10,2,,,,
609,1,0,3,2,,,,
610,1,0,1,1,,,,
611,2,0,6,3,,,,
612,2,0,5,1,,,,
613,1,0,1,1,,,,
614,0,0,1,1,,,,
615,10,1,22,5,,,,
616,0,0,4,2,,,,
617,6,0,14,4,,,,
618,2,0,5,3,,,,
619,1,0,2,1,,,,
620,1,0,8,5,,,,
621,2,0,10,5,,,,
622,1,0,1,1,,,,
623,0,0,1,1,,,,
624,2,0,10,3,,,,
625,2,0,7,3,,,,
626,1,0,1,1,,,,
627,0,0,2,1,,,,
628,0,0,6,3,,,,
629,1,0,3,2,,,,
630,0,0,2,1,,,,
631,1,4,24,4,,,,
632,2,0,14,2,,,,
633,1,0,5,4,,,,
634,0,0,3,1,,,,
635,4,0,59,9,,,,
636,0,0,1,1,,,,
637,1,0,2,2,,,,
638,2,0,18,3,,,,
639,0,0,4,1,,,,
640,1,0,1,1,,,,
641,0,0,1,1,,,,
642,2,0,18,4,,,,
643,2,0,5,2,,,,
644,1,0,4,2,,,,
645,2,0,11,2,,,,
646,4,0,13,3,,,,
647,0,0,2,1,,,,
648,1,0,1,1,,,,
649,1,1,4,2,,,,
650,0,0,1,1,,,,
651,1,0,3,2,,,,
652,2,0,6,2,,,,
653,0,0,3,1,,,,
654,1,0,2,2,,,,
655,1,0,4,2,,,,
656,2,0,5,4,,,,
657,3,0,5,3,,,,
658,15,1,56,8,,,,
659,5,1,14,5,,,,
660,0,0,1,1,,,,
661,0,0,1,1,,,,
662,0,0,1,1,,,,
663,1,0,1,1,,,,
664,3,0,15,7,,,,
665,0,0,12,4,,,,
666,3,0,28,6,,,,
667,9,5,21,6,,,,
668,0,0,1,1,,,,
669,2,0,10,3,,,,
670,1,0,7,3,,,,
671,2,4,14,5,,,,
672,3,0,8,4,,,,
673,0,0,1,1,,,,
674,1,0,1,1,,,,
675,0,0,5,1,,,,
676,0,0,2,2,,,,
677,0,0,3,1,,,,
678,1,0,2,1,,,,
679,10,0,30,7,,,,
680,21,2,83,10,,,,
681,0,1,2,1,,,,
682,1,0,2,2,,,,
683,1,0,2,1,,,,
684,1,1,3,1,,,,
685,2,0,2,2,,,,
686,0,0,6,3,,,,
687,8,4,47,6,,,,
688,1,0,1,1,,,,
689,1,0,1,1,,,,
690,5,2,34,6,,,,
691,1,0,6,2,,,,
692,3,1,18,2,,,,
693,3,0,29,6,,,,
694,1,0,7,3,,,,
695,0,0,1,1,,,,
696,1,0,1,1,,,,
697,2,2,9,3,,,,
698,1,0,1,1,,,,
699,3,2,52,9,,,,
700,2,0,12,5,,,,
701,1,0,1,1,,,,
702,2,0,2,1,,,,
703,0,0,1,1,,,,
704,1,0,2,1,,,,
705,10,3,78,8,,,,
706,0,0,1,1,,,,
707,6,0,30,7,,,,
708,0,0,2,2,,,,
709,0,0,2,1,,,,
710,3,0,9,3,,,,
711,5,1,46,4,,,,
712,3,0,7,4,,,,
713,9,0,72,7,,,,
714,1,0,1,1,,,,
715,2,0,18,3,,,,
716,0,0,1,1,,,,
717,0,1,14,3,,,,
718,1,0,8,5,,,,
719,0,0,4,2,,,,
720,1,0,2,2,,,,
721,1,0,18,3,,,,
722,3,1,27,4,,,,
723,0,1,4,2,,,,
724,8,4,37,8,,,,
725,0,0,2,2,,,,
726,2,0,6,4,,,,
727,0,0,1,1,,,,
728,5,0,29,6,,,,
729,0,0,1,1,,,,
730,2,0,11,7,,,,
731,4,0,36,6,,,,
732,1,0,3,2,,,,
733,1,0,1,1,,,,
734,1,1,24,3,,,,
735,11,4,117,8,,,,
736,3,1,32,3,,,,
737,0,0,1,1,,,,
738,5,1,60,5,,,,
739,0,0,2,1,,,,
740,1,0,7,4,,,,
741,3,0,14,2,,,,
742,0,0,1,1,,,,
743,0,0,1,1,,,,
744,7,1,35,6,,,,
745,1,0,2,2,,,,
746,7,0,40,2,,,,
747,8,0,55,6,,,,
748,0,0,1,1,,,,
749,0,0,4,2,,,,
750,6,2,44,7,,,,
751,1,0,3,1,,,,
752,3,0,12,6,,,,
753,2,0,10,3,,,,
754,3,1,13,4,,,,
755,1,0,1,1,,,,
756,3,1,7,2,,,,
757,2,0,4,2,,,,
758,1,0,1,1,,,,
759,0,0,1,1,,,,
760,1,0,2,1,,,,
761,2,0,11,3,,,,
762,1,0,4,2,,,,
763,6,0,55,4,,,,
764,1,0,1,1,,,,
765,3,0,26,3,,,,
766,0,0,2,2,,,,
767,8,0,24,3,,,,
768,0,0,10,2,,,,
769,7,0,20,5,,,,
770,0,0,2,1,,,,
771,2,0,7,3,,,,
772,1,0,1,1,,,,
773,0,0,1,1,,,,
774,2,0,3,2,,,,
775,2,0,14,6,,,,
776,1,0,3,3,,,,
777,1,0,11,4,,,,
778,3,0,31,5,,,,
779,1,0,2,1,,,,
780,6,1,23,5,,,,
781,0,0,1,1,,,,
782,0,0,11,3,,,,
783,2,0,6,3,,,,
784,1,0,2,2,,,,
785,2,0,5,2,,,,
786,1,0,2,2,,,,
787,2,0,6,2,,,,
788,2,0,6,2,,,,
789,0,0,1,1,,,,
790,2,0,4,2,,,,
791,1,0,4,2,,,,
792,0,0,1,1,,,,
793,2,0,3,2,,,,
794,1,0,5,3,,,,
795,2,0,3,3,,,,
796,6,2,34,9,,,,
797,0,0,1,1,,,,
798,1,0,6,3,,,,
799,3,0,12,3,,,,
800,1,0,1,1,,,,
801,0,1,2,2,,,,
802,1,1,11,4,,,,
803,0,0,2,1,,,,
804,0,0,2,1,,,,
805,1,0,2,2,,,,
806,14,4,71,6,,,,
807,1,0,1,1,,,,
808,2,2,6,3,,,,
809,1,1,11,3,,,,
810,1,0,4,3,,,,
811,1,0,1,1,,,,
812,0,0,3,3,,,,
813,2,0,3,1,,,,
814,1,0,1,1,,,,
815,1,0,3,1,,,,
816,5,0,11,3,,,,
817,1,0,6,1,,,,
818,1,0,2,1,,,,
819,1,0,1,1,,,,
820,2,0,2,2,,,,
821,0,0,3,1,,,,
822,2,0,3,2,,,,
823,1,0,2,1,,,,
824,7,1,36,7,,,,
825,0,0,2,1,,,,
826,5,0,19,2,,,,
827,0,0,1,1,,,,
828,4,0,17,2,,,,
829,1,0,4,2,,,,
830,1,0,10,2,,,,
831,11,0,55,5,,,,
832,1,0,2,2,,,,
833,1,0,1,1,,,,
834,0,0,2,1,,,,
835,8,0,43,10,,,,
836,0,0,1,1,,,,
837,2,1,8,5,,,,
838,1,0,17,4,,,,
839,17,2,54,9,,,,
840,4,0,12,5,,,,
841,1,1,10,4,,,,
842,6,1,27,11,,,,
843,1,0,1,1,,,,
844,1,0,3,2,,,,
845,0,0,2,1,,,,
846,1,0,2,2,,,,
847,2,0,19,3,,,,
848,1,0,2,1,,,,
849,1,0,1,1,,,,
850,2,0,28,5,,,,
851,1,0,2,1,,,,
852,0,0,2,2,,,,
853,1,0,6,4,,,,
854,3,0,30,6,,,,
855,0,0,1,1,,,,
856,0,0,1,1,,,,
857,2,1,15,7,,,,
858,3,0,9,4,,,,
859,1,0,1,1,,,,
860,2,0,6,1,,,,
861,1,0,5,1,,,,
862,2,0,7,2,,,,
863,1,1,2,2,,,,
864,6,0,19,5,,,,
865,0,0,1,1,,,,
866,0,0,3,3,,,,
867,1,0,2,1,,,,
868,8,1,42,4,,,,
869,1,0,4,3,,,,
870,3,0,5,3,,,,
871,1,1,4,2,,,,
872,0,0,5,2,,,,
873,1,0,3,2,,,,
874,1,0,2,1,,,,
875,2,0,3,3,,,,
876,1,0,2,2,,,,
877,1,0,2,2,,,,
878,1,0,6,4,,,,
879,0,0,2,2,,,,
880,4,0,16,3,,,,
881,0,0,1,1,,,,
882,0,0,2,1,,,,
883,3,0,13,3,,,,
884,1,0,1,1,,,,
885,1,0,4,3,,,,
886,1,0,11,3,,,,
887,1,0,1,1,,,,
888,3,1,19,4,,,,
889,1,0,1,1,,,,
890,7,1,18,2,,,,
891,1,0,2,2,,,,
892,1,0,1,1,,,,
893,1,0,3,2,,,,
894,1,0,4,2,,,,
895,5,3,33,2,,,,
896,1,0,4,2,,,,
897,0,0,7,4,,,,
898,12,1,102,12,,,,
899,2,0,2,2,,,,
900,1,0,2,1,,,,
901,3,0,21,6,,,,
902,0,0,1,1,,,,
903,1,0,16,4,,,,
904,14,10,88,10,,,,
905,0,0,1,1,,,,
906,0,0,1,1,,,,
907,10,3,78,5,,,,
908,26,0,115,7,,,,
909,1,0,1,1,,,,
910,2,0,5,2,,,,
911,0,0,1,1,,,,
912,0,0,1,1,,,,
913,3,0,7,2,,,,
914,2,0,3,2,,,,
915,1,0,3,1,,,,
916,1,0,1,1,,,,
917,1,0,1,1,,,,
918,0,0,2,1,,,,
919,3,0,34,7,,,,
920,5,1,24,7,,,,
921,2,0,20,6,,,,
922,0,0,1,1,,,,
923,1,1,5,1,,,,
924,0,0,4,1,,,,
925,6,0,18,4,,,,
926,0,0,1,1,,,,
927,1,0,3,2,,,,
928,2,1,44,4,,,,
929,0,0,2,2,,,,
930,4,0,17,2,,,,
931,2,0,3,2,,,,
932,2,0,2,1,,,,
933,1,1,8,3,,,,
934,16,3,99,10,,,,
935,0,0,1,1,,,,
936,1,0,2,2,,,,
937,1,0,1,1,,,,
938,1,0,1,1,,,,
939,17,0,96,11,,,,
940,0,0,3,3,,,,
941,0,0,2,2,,,,
942,7,0,43,7,,,,
943,0,0,1,1,,,,
944,2,0,3,2,,,,
945,8,0,24,4,,,,
946,2,0,4,3,,,,
947,1,0,8,2,,,,
948,1,0,3,1,,,,
949,2,0,3,2,,,,
950,1,0,1,1,,,,
951,0,0,5,2,,,,
952,10,1,32,8,,,,
953,1,0,1,1,,,,
954,1,0,4,2,,,,
955,24,1,114,15,,,,
956,1,0,2,2,,,,
957,0,0,4,2,,,,
958,1,0,4,3,,,,
959,1,0,8,4,,,,
960,2,1,24,6,,,,
961,2,1,2,2,,,,
962,1,0,4,2,,,,
963,1,0,1,1,,,,
964,2,1,32,5,,,,
965,2,0,3,1,,,,
966,2,2,16,4,,,,
967,1,3,7,2,,,,
968,1,0,5,2,,,,
969,0,0,2,1,,,,
970,4,6,25,6,,,,
971,0,2,3,2,,,,
972,1,0,8,3,,,,
973,1,0,3,1,,,,
974,0,0,14,5,,,,
975,2,0,2,2,,,,
976,1,0,1,1,,,,
977,1,0,7,2,,,,
978,3,0,6,3,,,,
979,1,0,11,2,,,,
980,19,4,72,5,,,,
981,1,0,1,1,,,,
982,1,0,1,1,,,,
983,1,0,1,1,,,,
984,0,0,4,2,,,,
985,2,0,2,2,,,,
986,4,0,20,3,,,,
987,3,0,10,5,,,,
988,0,0,5,3,,,,
989,2,0,3,1,,,,
990,2,0,2,2,,,,
991,0,0,2,1,,,,
992,1,0,1,1,,,,
993,1,0,5,2,,,,
994,1,0,1,1,,,,
995,1,0,1,1,,,,
996,1,0,1,1,,,,
997,2,0,9,4,,,,
998,0,0,1,1,,,,
999,1,0,2,1,,,,
1000,1,0,1,1,,,,
1001,1,0,1,1,,,,
1002,2,0,3,1,,,,
1003,1,0,1,1,,,,
1004,3,0,8,3,,,,
1005,1,0,5,3,,,,
1006,1,0,2,2,,,,
1007,0,0,1,1,,,,
1008,4,0,13,3,,,,
1009,3,0,6,3,,,,
1010,0,0,4,2,,,,
1011,1,0,1,1,,,,
1012,2,1,9,3,,,,
1013,0,0,1,1,,,,
1014,8,0,24,5,,,,
1015,1,0,2,1,,,,
1016,2,0,2,2,,,,
1017,1,0,3,3,,,,
1018,6,0,42,6,,,,
1019,2,0,8,2,,,,
1020,1,0,3,2,,,,
1021,22,0,188,8,,,,
1022,2,0,3,1,,,,
1023,1,0,2,2,,,,
1024,2,0,2,1,,,,
1025,1,0,2,1,,,,
1026,5,0,11,3,,,,
1027,3,0,3,3,,,,
1028,3,0,10,3,,,,
1029,1,0,1,1,,,,
1030,1,0,1,1,,,,
1031,1,0,1,1,,,,
1032,1,1,1,1,,,,
1033,5,0,23,5,,,,
1034,1,0,1,1,,,,
1035,0,0,1,1,,,,
1036,1,0,1,1,,,,
1037,3,0,11,3,,,,
1038,1,0,1,1,,,,
1039,4,2,36,11,,,,
1040,0,0,1,1,,,,
1041,1,1,1,1,,,,
1042,2,0,12,5,,,,
1043,2,0,8,2,,,,
1044,5,0,8,3,,,,
1045,2,0,11,4,,,,
1046,5,1,24,6,,,,
1047,0,0,1,1,,,,
1048,1,0,2,2,,,,
1049,0,0,1,1,,,,
1050,3,1,21,5,,,,
1051,1,0,3,2,,,,
1052,1,0,1,1,,,,
1053,4,0,20,5,,,,
1054,0,0,2,1,,,,
1055,1,1,7,3,,,,
1056,1,0,4,2,,,,
1057,0,0,3,2,,,,
1058,2,0,5,3,,,,
1059,0,0,3,1,,,,
1060,0,0,2,2,,,,
1061,2,1,6,3,,,,
1062,0,0,1,1,,,,
1063,10,0,31,11,,,,
1064,0,1,4,1,,,,
1065,1,0,1,1,,,,
1066,1,0,1,1,,,,
1067,1,0,5,2,,,,
1068,2,0,2,1,,,,
1069,2,0,19,4,,,,
1070,1,0,2,2,,,,
1071,2,0,7,3,,,,
1072,3,0,12,5,,,,
1073,0,0,1,1,,,,
1074,3,0,19,6,,,,
1075,1,0,2,1,,,,
1076,0,0,2,2,,,,
1077,0,1,3,2,,,,
1078,3,0,5,1,,,,
1079,0,0,2,1,,,,
1080,1,0,6,3,,,,
1081,0,0,1,1,,,,
1082,4,0,10,7,,,,
1083,1,0,1,1,,,,
1084,4,0,21,4,,,,
1085,0,0,1,1,,,,
1086,1,0,2,2,,,,
1087,12,3,67,7,,,,
1088,0,1,2,1,,,,
1089,3,1,14,5,,,,
1090,12,4,74,4,,,,
1091,0,0,1,1,,,,
1092,1,0,1,1,,,,
1093,3,0,6,4,,,,
1094,2,1,3,2,,,,
1095,1,0,1,1,,,,
1096,1,0,3,1,,,,
1097,2,0,2,2,,,,
1098,1,0,2,1,,,,
1099,2,0,5,1,,,,
1100,5,0,13,3,,,,
1101,1,0,1,1,,,,
1102,1,0,3,1,,,,
1103,0,0,2,1,,,,
1104,3,0,19,2,,,,
1105,0,0,1,1,,,,
1106,0,0,5,3,,,,
1107,4,0,13,3,,,,
1108,1,0,1,1,,,,
1109,2,0,4,3,,,,
1110,1,0,1,1,,,,
1111,0,0,1,1,,,,
1112,1,0,1,1,,,,
1113,2,0,8,4,,,,
1114,0,0,1,1,,,,
1115,1,0,1,1,,,,
1116,2,5,24,4,,,,
1117,1,0,1,1,,,,
1118,1,0,6,2,,,,
1119,6,1,24,3,,,,
1120,2,0,7,4,,,,
1121,0,0,1,1,,,,
1122,2,0,5,3,,,,
1123,1,0,2,2,,,,
1124,1,0,1,1,,,,
1125,7,4,32,5,,,,
1126,1,0,1,1,,,,
1127,3,0,22,3,,,,
1128,2,0,8,2,,,,
1129,0,0,2,2,,,,
1130,2,0,13,5,,,,
1131,0,0,3,1,,,,
1132,1,0,2,1,,,,
1133,1,0,1,1,,,,
1134,0,0,2,2,,,,
1135,2,2,18,6,,,,
1136,0,0,1,1,,,,
1137,0,0,2,1,,,,
1138,2,0,5,3,,,,
1139,1,0,2,2,,,,
1140,4,0,10,2,,,,
1141,1,0,1,1,,,,
1142,1,0,1,1,,,,
1143,1,0,1,1,,,,
1144,1,0,4,2,,,,
1145,5,3,25,4,,,,
1146,0,0,1,1,,,,
1147,2,0,11,4,,,,
1148,0,0,1,1,,,,
1149,1,1,11,4,,,,
1150,3,0,12,3,,,,
1151,1,0,1,1,,,,
1152,1,0,1,1,,,,
1153,2,0,19,4,,,,
1154,2,1,2,2,,,,
1155,1,0,1,1,,,,
1156,3,0,3,1,,,,
1157,1,0,4,3,,,,
1158,1,0,3,2,,,,
1159,0,0,1,1,,,,
1160,1,0,6,2,,,,
1161,5,1,51,6,,,,
1162,1,0,3,2,,,,
1163,0,0,2,1,,,,
1164,1,0,2,2,,,,
1165,1,6,14,5,,,,
1166,2,0,18,3,,,,
1167,3,0,17,3,,,,
1168,1,0,3,2,,,,
1169,6,0,21,6,,,,
1170,1,0,3,1,,,,
1171,1,0,1,1,,,,
1172,10,7,143,8,,,,
1173,2,0,5,1,,,,
1174,0,0,1,1,,,,
1175,0,0,2,1,,,,
1176,1,1,6,2,,,,
1177,2,2,10,4,,,,
1178,1,0,2,1,,,,
1179,5,0,19,4,,,,
1180,1,0,1,1,,,,
1181,9,5,74,6,,,,
1182,1,0,3,1,,,,
1183,4,1,25,3,,,,
1184,2,0,4,1,,,,
1185,1,0,13,3,,,,
1186,0,0,2,1,,,,
1187,14,7,70,6,,,,
1188,1,0,1,1,,,,
1189,10,0,40,6,,,,
1190,3,0,29,4,,,,
1191,1,0,1,1,,,,
1192,1,0,5,3,,,,
1193,0,0,1,1,,,,
1194,0,0,1,1,,,,
1195,1,0,1,1,,,,
1196,1,0,9,2,,,,
1197,4,0,11,3,,,,
1198,0,0,2,2,,,,
1199,1,0,1,1,,,,
1200,0,0,1,1,,,,
1201,2,0,10,5,,,,
1202,1,0,3,2,,,,
1203,8,0,40,5,,,,
1204,1,0,21,6,,,,
1205,1,0,2,2,,,,
1206,1,0,15,2,,,,
1207,3,1,8,3,,,,
1208,0,0,1,1,,,,
1209,1,2,3,1,,,,
1210,1,0,6,3,,,,
1211,1,0,10,2,,,,
1212,1,0,3,1,,,,
1213,1,1,3,2,,,,
1214,0,0,9,1,,,,
1215,1,1,9,3,,,,
1216,1,0,2,1,,,,
1217,1,2,18,4,,,,
1218,0,0,1,1,,,,
1219,3,0,8,2,,,,
1220,1,0,1,1,,,,
1221,0,0,5,3,,,,
1222,8,0,13,2,,,,
1223,0,0,4,3,,,,
1224,1,0,5,2,,,,
1225,2,0,21,4,,,,
1226,1,0,1,1,,,,
1227,7,0,30,6,,,,
1228,1,0,2,2,,,,
1229,1,0,4,2,,,,
1230,1,0,6,4,,,,
1231,1,0,2,1,,,,
1232,1,1,6,2,,,,
1233,1,0,6,3,,,,
1234,2,0,13,2,,,,
1235,2,0,5,3,,,,
1236,9,0,24,3,,,,
1237,1,0,1,1,,,,
1238,3,0,6,4,,,,
1239,1,0,1,1,,,,
1240,6,3,24,5,,,,
1241,1,0,4,3,,,,
1242,1,0,3,2,,,,
1243,3,0,4,2,,,,
1244,1,0,1,1,,,,
1245,8,0,29,3,,,,
1246,3,0,11,3,,,,
1247,3,0,10,5,,,,
1248,1,0,12,2,,,,
1249,3,0,16,3,,,,
1250,0,0,7,2,,,,
1251,1,0,3,2,,,,
1252,2,0,5,3,,,,
1253,0,0,3,3,,,,
1254,2,1,7,4,,,,
1255,4,0,8,3,,,,
1256,0,0,1,1,,,,
1257,0,0,1,1,,,,
1258,2,0,5,2,,,,
1259,0,0,3,2,,,,
1260,3,1,13,6,,,,
1261,2,0,5,2,,,,
1262,2,1,21,6,,,,
1263,0,0,1,1,,,,
1264,0,1,28,4,,,,
1265,1,0,1,1,,,,
1266,0,0,6,2,,,,
1267,0,0,7,4,,,,
1268,1,0,1,1,,,,
1269,3,0,9,4,,,,
1270,3,0,10,2,,,,
1271,1,0,9,3,,,,
1272,1,0,1,1,,,,
1273,1,0,9,2,,,,
1274,1,0,2,1,,,,
1275,1,0,1,1,,,,
1276,1,0,2,1,,,,
1277,2,0,7,4,,,,
1278,1,0,2,2,,,,
1279,1,1,2,2,,,,
1280,2,1,28,4,,,,
1281,0,0,1,1,,,,
1282,0,0,1,1,,,,
1283,3,0,11,6,,,,
1284,0,0,2,2,,,,
1285,1,0,3,2,,,,
1286,1,0,3,2,,,,
1287,0,0,3,3,,,,
1288,0,0,2,1,,,,
1289,1,0,4,3,,,,
1290,1,0,1,1,,,,
1291,3,0,24,3,,,,
1292,0,0,3,2,,,,
1293,2,0,3,2,,,,
1294,0,0,2,2,,,,
1295,2,0,8,5,,,,
1296,1,0,1,1,,,,
1297,0,0,2,2,,,,
1298,22,2,157,11,,,,
1299,1,0,1,1,,,,
1300,1,0,2,2,,,,
1301,0,1,9,6,,,,
1302,1,0,3,3,,,,
1303,8,0,25,7,,,,
1304,2,0,19,7,,,,
1305,1,0,5,2,,,,
1306,2,0,4,2,,,,
1307,0,0,1,1,,,,
1308,0,0,3,2,,,,
1309,2,0,12,4,,,,
1310,0,0,1,1,,,,
1311,0,0,8,3,,,,
1312,0,0,1,1,,,,
1313,1,0,5,3,,,,
1314,1,0,2,1,,,,
1315,3,0,3,2,,,,
1316,0,2,3,2,,,,
1317,1,0,1,1,,,,
1318,1,0,1,1,,,,
1319,0,0,1,1,,,,
1320,0,0,5,2,,,,
1321,2,1,12,4,,,,
1322,5,0,13,4,,,,
1323,1,0,7,3,,,,
1324,1,0,1,1,,,,
1325,1,0,4,2,,,,
1326,0,0,2,1,,,,
1327,11,0,55,6,,,,
1328,3,0,3,1,,,,
1329,6,5,64,5,,,,
1330,0,1,5,2,,,,
1331,0,0,5,2,,,,
1332,0,0,2,1,,,,
1333,3,0,15,4,,,,
1334,0,0,4,2,,,,
1335,1,0,8,2,,,,
1336,0,0,2,1,,,,
1337,0,0,3,3,,,,
1338,4,2,36,6,,,,
1339,1,1,11,4,,,,
1340,2,1,10,4,,,,
1341,10,2,52,7,,,,
1342,0,0,1,1,,,,
1343,0,0,1,1,,,,
1344,4,0,15,3,,,,
1345,15,1,55,2,,,,
1346,1,0,1,1,,,,
1347,2,0,3,3,,,,
1348,0,0,2,2,,,,
1349,4,0,33,3,,,,
1350,1,1,17,4,,,,
1351,0,1,1,1,,,,
1352,1,0,6,2,,,,
1353,1,0,9,4,,,,
1354,0,0,3,2,,,,
1355,1,0,1,1,,,,
1356,1,1,16,3,,,,
1357,1,0,1,1,,,,
1358,1,0,2,2,,,,
1359,0,0,2,1,,,,
1360,0,0,2,1,,,,
1361,0,0,4,3,,,,
1362,0,0,1,1,,,,
1363,1,0,11,4,,,,
1364,3,1,7,2,,,,
1365,4,0,40,6,,,,
1366,1,0,5,2,,,,
1367,0,0,2,2,,,,
1368,11,0,47,4,,,,
1369,1,0,1,1,,,,
1370,0,0,1,1,,,,
1371,1,0,8,3,,,,
1372,6,0,41,3,,,,
1373,0,0,1,1,,,,
1374,3,1,6,3,,,,
1375,0,0,1,1,,,,
1376,9,0,23,2,,,,
1377,8,2,37,4,,,,
1378,0,0,1,1,,,,
1379,4,1,35,4,,,,
1380,2,0,8,2,,,,
1381,0,0,1,1,,,,
1382,9,1,44,7,,,,
1383,13,0,97,11,,,,
1384,2,0,3,2,,,,
1385,1,0,1,1,,,,
1386,0,0,1,1,,,,
1387,0,0,1,1,,,,
1388,0,0,6,2,,,,
1389,1,0,2,2,,,,
1390,0,0,1,1,,,,
1391,3,0,28,3,,,,
1392,1,0,1,1,,,,
1393,0,0,8,5,,,,
1394,1,0,1,1,,,,
1395,6,0,34,4,,,,
1396,1,0,1,1,,,,
1397,1,0,2,1,,,,
1398,6,2,49,5,,,,
1399,2,1,20,4,,,,
1400,0,0,2,2,,,,
1401,0,0,2,2,,,,
1402,0,1,2,1,,,,
1403,2,0,2,2,,,,
1404,5,0,18,6,,,,
1405,2,0,2,2,,,,
1406,0,0,1,1,,,,
1407,22,0,84,10,,,,
1408,1,0,1,1,,,,
1409,0,0,1,1,,,,
1410,1,1,2,2,,,,
1411,2,0,8,2,,,,
1412,5,1,27,5,,,,
1413,1,0,1,1,,,,
1414,2,0,8,3,,,,
1415,1,0,3,3,,,,
1416,1,0,2,2,,,,
1417,15,2,73,5,,,,
1418,0,0,2,1,,,,
1419,3,0,4,3,,,,
1420,6,0,27,3,,,,
1421,0,0,1,1,,,,
1422,2,0,2,2,,,,
1423,1,0,17,3,,,,
1424,0,0,3,2,,,,
1425,0,0,1,1,,,,
1426,0,0,3,1,,,,
1427,2,0,2,2,,,,
1428,0,0,4,2,,,,
1429,2,0,2,2,,,,
1430,1,0,2,1,,,,
1431,4,0,16,2,,,,
1432,1,0,1,1,,,,
1433,1,0,1,1,,,,
1434,0,1,1,1,,,,
1435,1,1,22,6,,,,
1436,1,0,3,1,,,,
1437,0,0,2,2,,,,
1438,1,0,14,5,,,,
1439,2,0,2,2,,,,
1440,0,0,1,1,,,,
1441,1,0,1,1,,,,
1442,1,0,1,1,,,,
1443,7,0,27,4,,,,
1444,0,0,1,1,,,,
1445,2,0,2,2,,,,
1446,18,0,83,9,,,,
1447,0,0,1,1,,,,
1448,1,0,1,1,,,,
1449,6,1,40,9,,,,
1450,0,0,1,1,,,,
1451,1,1,5,1,,,,
1452,0,0,4,1,,,,
1453,1,0,1,1,,,,
1454,1,0,2,2,,,,
1455,3,0,13,6,,,,
1456,6,0,56,6,,,,
1457,2,0,3,2,,,,
1458,2,0,2,2,,,,
1459,3,0,10,4,,,,
1460,2,0,4,2,,,,
1461,0,1,2,2,,,,
1462,10,2,87,3,,,,
1463,1,0,1,1,,,,
1464,4,0,27,4,,,,
1465,2,0,6,3,,,,
1466,1,0,2,2,,,,
1467,2,0,3,3,,,,
1468,14,0,48,3,,,,
1469,0,0,1,1,,,,
1470,1,0,1,1,,,,
1471,2,0,27,3,,,,
1472,2,0,5,4,,,,
1473,0,0,1,1,,,,
1474,0,0,2,1,,,,
1475,11,4,82,6,,,,
1476,0,0,1,1,,,,
1477,2,1,31,4,,,,
1478,0,0,1,1,,,,
1479,4,0,26,3,,,,
1480,0,0,7,3,,,,
1481,1,0,1,1,,,,
1482,0,0,6,2,,,,
1483,0,0,7,1,,,,
1484,1,0,14,2,,,,
1485,11,3,70,8,,,,
1486,1,0,1,1,,,,
1487,1,0,3,1,,,,
1488,5,0,18,5,,,,
1489,0,0,2,1,,,,
1490,0,0,4,3,,,,
1491,1,0,7,4,,,,
1492,0,0,2,2,,,,
1493,1,0,2,1,,,,
1494,1,0,5,3,,,,
1495,1,0,3,1,,,,
1496,0,0,1,1,,,,
1497,4,0,10,3,,,,
1498,2,0,8,2,,,,
1499,3,0,5,3,,,,
1500,3,0,21,5,,,,
1501,1,0,1,1,,,,
1502,2,1,8,5,,,,
1503,2,0,12,4,,,,
1504,1,0,3,1,,,,
1505,2,1,10,2,,,,
1506,0,0,1,1,,,,
1507,1,0,8,2,,,,
1508,0,0,2,1,,,,
1509,3,0,18,3,,,,
1510,1,0,2,2,,,,
1511,2,0,7,2,,,,
1512,1,0,1,1,,,,
1513,1,0,3,2,,,,
1514,7,0,22,3,,,,
1515,2,0,5,2,,,,
1516,2,0,2,1,,,,
1517,0,0,6,2,,,,
1518,9,1,48,3,,,,
1519,1,0,4,3,,,,
1520,1,0,6,2,,,,
1521,0,0,8,4,,,,
1522,3,0,17,4,,,,
1523,9,1,36,8,,,,
1524,1,0,2,2,,,,
1525,1,0,1,1,,,,
1526,1,0,1,1,,,,
1527,4,0,13,4,,,,
1528,0,0,1,1,,,,
1529,0,0,5,4,,,,
1530,1,0,1,1,,,,
1531,12,1,31,5,,,,
1532,1,0,1,1,,,,
1533,2,1,5,3,,,,
1534,12,0,35,6,,,,
1535,3,0,3,1,,,,
1536,4,0,19,3,,,,
1537,6,2,21,4,,,,
1538,2,0,10,4,,,,
1539,1,0,2,2,,,,
1540,2,0,2,1,,,,
1541,1,0,1,1,,,,
1542,3,0,11,2,,,,
1543,5,0,19,3,,,,
1544,2,0,10,3,,,,
1545,0,0,1,1,,,,
1546,2,0,3,2,,,,
1547,3,0,19,3,,,,
1548,4,0,4,2,,,,
1549,1,0,7,4,,,,
1550,2,0,20,6,,,,
1551,3,0,11,3,,,,
1552,1,0,2,2,,,,
1553,2,0,3,2,,,,
1554,1,0,4,2,,,,
1555,2,0,19,5,,,,
1556,3,1,3,1,,,,
1557,0,0,1,1,,,,
1558,2,0,39,4,,,,
1559,3,0,26,5,,,,
1560,0,0,6,2,,,,
1561,4,0,15,3,,,,
1562,0,0,1,1,,,,
1563,23,2,100,12,,,,
1564,0,0,1,1,,,,
1565,1,0,3,2,,,,
1566,0,0,1,1,,,,
1567,1,0,1,1,,,,
1568,0,0,1,1,,,,
1569,3,0,24,6,,,,
1570,2,0,7,5,,,,
1571,0,0,1,1,,,,
1572,2,1,11,3,,,,
1573,1,0,1,1,,,,
1574,1,0,1,1,,,,
1575,1,0,9,3,,,,
1576,3,1,8,3,,,,
1577,1,0,1,1,,,,
1578,3,0,20,6,,,,
1579,1,0,2,2,,,,
1580,0,0,5,3,,,,
1581,0,0,1,1,,,,
1582,1,0,1,1,,,,
1583,1,0,10,2,,,,
1584,1,0,2,1,,,,
1585,1,0,4,1,,,,
1586,1,0,1,1,,,,
1587,2,0,8,5,,,,
1588,1,0,9,4,,,,
1589,2,0,12,3,,,,
1590,1,0,3,3,,,,
1591,0,0,1,1,,,,
1592,2,0,4,2,,,,
1593,0,0,4,4,,,,
1594,1,0,7,3,,,,
1595,0,0,1,1,,,,
1596,5,0,14,2,,,,
1597,7,2,49,4,,,,
1598,0,0,1,1,,,,
1599,8,0,39,6,,,,
1600,0,0,1,1,,,,
1601,1,0,1,1,,,,
1602,0,0,1,1,,,,
1603,1,0,1,1,,,,
1604,24,2,135,5,,,,
1605,1,0,1,1,,,,
1606,3,0,8,3,,,,
1607,7,0,16,2,,,,
1608,1,0,1,1,,,,
1609,2,0,12,3,,,,
1610,5,0,20,6,,,,
1611,0,0,3,1,,,,
1612,1,0,1,1,,,,
1613,1,0,6,2,,,,
1614,1,0,1,1,,,,
1615,2,0,7,2,,,,
1616,4,0,5,3,,,,
1617,6,0,10,4,,,,
1618,1,0,1,1,,,,
1619,0,0,1,1,,,,
1620,1,0,3,1,,,,
1621,0,0,1,1,,,,
1622,2,2,29,6,,,,
1623,1,0,2,2,,,,
1624,2,0,9,4,,,,
1625,2,1,29,6,,,,
1626,0,0,1,1,,,,
1627,1,0,1,1,,,,
1628,2,0,14,2,,,,
1629,2,0,7,3,,,,
1630,1,0,2,2,,,,
1631,1,0,3,2,,,,
1632,1,0,1,1,,,,
1633,1,0,6,1,,,,
1634,1,0,1,1,,,,
1635,4,0,10,2,,,,
1636,3,0,15,2,,,,
1637,1,0,2,1,,,,
1638,1,0,2,2,,,,
1639,1,0,7,3,,,,
1640,0,0,1,1,,,,
1641,7,0,25,5,,,,
1642,3,0,9,5,,,,
1643,1,0,1,1,,,,
1644,1,0,2,2,,,,
1645,3,1,14,4,,,,
1646,7,0,46,11,,,,
1647,1,0,3,3,,,,
1648,0,0,1,1,,,,
1649,1,0,1,1,,,,
1650,1,0,6,2,,,,
1651,1,0,1,1,,,,
1652,3,7,15,2,,,,
1653,1,0,1,1,,,,
1654,4,0,10,3,,,,
1655,26,0,85,5,,,,
1656,1,0,1,1,,,,
1657,7,1,106,2,,,,
1658,0,0,1,1,,,,
1659,2,0,6,4,,,,
1660,2,0,2,2,,,,
1661,1,0,1,1,,,,
1662,10,0,58,6,,,,
1663,0,0,1,1,,,,
1664,1,0,1,1,,,,
1665,0,0,1,1,,,,
1666,4,0,10,4,,,,
1667,3,0,14,3,,,,
1668,0,0,1,1,,,,
1669,1,0,2,2,,,,
1670,0,0,1,1,,,,
1671,1,0,1,1,,,,
1672,1,0,1,1,,,,
1673,1,0,6,4,,,,
1674,0,0,1,1,,,,
1675,0,0,2,2,,,,
1676,1,0,1,1,,,,
1677,2,1,7,2,,,,
1678,5,2,22,3,,,,
1679,5,0,37,2,,,,
1680,2,0,4,1,,,,
1681,7,0,22,3,,,,
1682,0,0,2,1,,,,
1683,0,1,2,1,,,,
1684,2,3,9,2,,,,
1685,4,0,29,6,,,,
1686,7,2,25,8,,,,
1687,1,0,7,2,,,,
1688,2,0,13,7,,,,
1689,1,1,7,3,,,,
1690,4,0,29,4,,,,
1691,0,0,5,2,,,,
1692,1,0,1,1,,,,
1693,2,0,2,1,,,,
1694,2,0,6,4,,,,
1695,0,0,3,2,,,,
1696,4,1,17,3,,,,
1697,1,0,1,1,,,,
1698,0,0,4,2,,,,
1699,1,0,1,1,,,,
1700,2,0,2,1,,,,
1701,1,0,11,2,,,,
1702,2,0,5,3,,,,
1703,1,0,1,1,,,,
1704,0,0,4,3,,,,
1705,2,0,8,4,,,,
1706,1,1,6,2,,,,
1707,2,0,3,1,,,,
1708,1,1,3,3,,,,
1709,1,0,9,4,,,,
1710,0,0,9,1,,,,
1711,0,0,8,1,,,,
1712,0,0,2,1,,,,
1713,1,0,1,1,,,,
1714,2,0,2,1,,,,
1715,3,1,6,2,,,,
1716,5,0,18,5,,,,
1717,0,0,2,2,,,,
1718,0,0,1,1,,,,
1719,3,0,10,5,,,,
1720,1,0,2,2,,,,
1721,3,1,17,3,,,,
1722,2,0,2,2,,,,
1723,1,0,4,2,,,,
1724,1,0,3,3,,,,
1725,2,0,10,4,,,,
1726,3,0,5,4,,,,
1727,1,0,8,3,,,,
1728,1,0,2,1,,,,
1729,4,0,16,2,,,,
1730,0,0,1,1,,,,
1731,1,0,2,2,,,,
1732,5,0,41,3,,,,
1733,2,0,5,4,,,,
1734,3,0,12,2,,,,
1735,0,0,2,1,,,,
1736,2,0,7,4,,,,
1737,0,0,2,1,,,,
1738,2,0,18,3,,,,
1739,1,0,1,1,,,,
1740,0,0,5,1,,,,
1741,6,0,22,4,,,,
1742,0,0,1,1,,,,
1743,4,0,26,5,,,,
1744,3,0,13,6,,,,
1745,0,0,1,1,,,,
1746,2,0,20,9,,,,
1747,1,0,2,2,,,,
1748,1,0,2,2,,,,
1749,1,0,1,1,,,,
1750,1,0,1,1,,,,
1751,0,0,1,1,,,,
1752,2,0,3,2,,,,
1753,7,0,11,4,,,,
1754,1,0,6,2,,,,
1755,5,1,11,2,,,,
1756,0,0,1,1,,,,
1757,0,0,1,1,,,,
1758,0,0,1,1,,,,
1759,1,0,16,3,,,,
1760,2,0,7,4,,,,
1761,7,1,81,3,,,,
1762,15,0,46,4,,,,
1763,0,0,5,3,,,,
1764,0,0,3,2,,,,
1765,0,0,1,1,,,,
1766,0,0,3,2,,,,
1767,1,0,1,1,,,,
1768,2,0,5,1,,,,
1769,0,0,1,1,,,,
1770,1,0,6,4,,,,
1771,6,0,21,4,,,,
1772,1,0,4,1,,,,
1773,5,0,16,3,,,,
1774,0,0,2,1,,,,
1775,0,0,3,2,,,,
1776,0,0,5,2,,,,
1777,2,1,26,2,,,,
1778,2,0,2,2,,,,
1779,1,0,1,1,,,,
1780,0,0,1,1,,,,
1781,0,0,2,2,,,,
1782,1,0,1,1,,,,
1783,7,1,29,2,,,,
1784,15,1,43,4,,,,
1785,1,0,1,1,,,,
1786,10,2,51,3,,,,
1787,1,0,1,1,,,,
1788,0,0,4,1,,,,
1789,1,0,4,1,,,,
1790,1,0,4,3,,,,
1791,2,0,20,3,,,,
1792,1,0,1,1,,,,
1793,1,1,15,4,,,,
1794,1,0,2,2,,,,
1795,2,0,5,2,,,,
1796,2,0,7,3,,,,
1797,0,0,3,3,,,,
1798,5,0,17,4,,,,
1799,2,0,16,4,,,,
1800,1,0,2,2,,,,
1801,8,1,51,6,,,,
1802,1,0,10,4,,,,
1803,6,1,29,6,,,,
1804,0,0,1,1,,,,
1805,0,0,2,1,,,,
1806,3,1,14,3,,,,
1807,1,0,29,3,,,,
1808,1,0,2,1,,,,
1809,1,0,1,1,,,,
1810,6,1,67,3,,,,
1811,1,0,2,2,,,,
1812,12,0,54,4,,,,
1813,1,0,1,1,,,,
1814,2,0,9,4,,,,
1815,2,0,10,5,,,,
1816,1,0,2,1,,,,
1817,1,0,1,1,,,,
1818,2,0,9,5,,,,
1819,0,0,5,2,,,,
1820,3,0,9,5,,,,
1821,0,0,1,1,,,,
1822,1,0,2,1,,,,
1823,1,0,1,1,,,,
1824,1,0,9,3,,,,
1825,12,0,36,5,,,,
1826,1,0,2,2,,,,
1827,2,0,3,2,,,,
1828,1,0,17,3,,,,
1829,0,0,1,1,,,,
1830,3,1,31,4,,,,
1831,2,0,4,1,,,,
1832,1,1,3,2,,,,
1833,0,0,1,1,,,,
1834,4,0,29,5,,,,
1835,3,0,9,5,,,,
1836,0,0,1,1,,,,
1837,1,0,5,3,,,,
1838,11,0,75,6,,,,
1839,1,0,5,2,,,,
1840,1,0,8,4,,,,
1841,0,0,1,1,,,,
1842,0,0,1,1,,,,
1843,2,0,2,2,,,,
1844,0,0,2,1,,,,
1845,2,0,3,2,,,,
1846,2,0,10,3,,,,
1847,0,0,1,1,,,,
1848,1,0,15,4,,,,
1849,3,0,17,5,,,,
1850,1,0,1,1,,,,
1851,0,0,6,3,,,,
1852,2,0,10,3,,,,
1853,1,0,2,1,,,,
1854,1,0,1,1,,,,
1855,1,0,3,2,,,,
1856,0,0,1,1,,,,
1857,2,0,7,2,,,,
1858,4,1,6,4,,,,
1859,1,1,7,3,,,,
1860,0,0,2,2,,,,
1861,1,0,3,2,,,,
1862,0,0,2,2,,,,
1863,1,0,3,1,,,,
1864,6,0,36,3,,,,
1865,1,0,2,1,,,,
1866,1,0,1,1,,,,
1867,0,0,11,4,,,,
1868,0,0,1,1,,,,
1869,0,0,1,1,,,,
1870,9,2,51,6,,,,
1871,1,0,4,2,,,,
1872,1,0,2,2,,,,
1873,0,0,2,1,,,,
1874,1,0,1,1,,,,
1875,2,0,14,2,,,,
1876,3,0,7,2,,,,
1877,1,0,4,2,,,,
1878,0,0,1,1,,,,
1879,0,0,3,1,,,,
1880,7,0,35,6,,,,
1881,0,0,1,1,,,,
1882,2,0,3,3,,,,
1883,43,32,246,7,,,,
1884,1,0,1,1,,,,
1885,1,0,2,2,,,,
1886,1,0,1,1,,,,
1887,0,0,1,1,,,,
1888,0,0,1,1,,,,
1889,1,0,1,1,,,,
1890,5,2,47,6,,,,
1891,2,1,13,4,,,,
1892,18,17,117,7,,,,
1893,1,0,1,1,,,,
1894,0,0,1,1,,,,
1895,1,0,2,2,,,,
1896,1,0,2,1,,,,
1897,1,0,6,2,,,,
1898,7,2,54,5,,,,
1899,1,0,1,1,,,,
1900,14,11,91,7,,,,
1901,0,0,1,1,,,,
1902,1,0,1,1,,,,
1903,1,0,1,1,,,,
1904,1,0,1,1,,,,
1905,2,2,28,5,,,,
1906,12,1,45,10,,,,
1907,1,0,1,1,,,,
1908,2,0,6,3,,,,
1909,0,0,1,1,,,,
1910,6,14,72,10,,,,
1911,1,0,1,1,,,,
1912,7,0,38,10,,,,
1913,2,0,2,2,,,,
1914,1,1,4,3,,,,
1915,3,0,8,3,,,,
1916,0,0,1,1,,,,
1917,1,0,5,3,,,,
1918,4,0,10,4,,,,
1919,1,1,16,5,,,,
1920,0,0,1,1,,,,
1921,1,0,1,1,,,,
1922,0,0,1,1,,,,
1923,11,0,62,3,,,,
1924,3,1,20,3,,,,
1925,5,0,19,3,,,,
1926,1,0,2,1,,,,
1927,9,0,45,5,,,,
1928,0,0,2,2,,,,
1929,0,0,3,2,,,,
1930,1,0,3,1,,,,
1931,3,0,6,2,,,,
1932,0,0,1,1,,,,
1933,2,2,24,3,,,,
1934,3,3,16,3,,,,
1935,0,1,11,4,,,,
1936,1,1,6,5,,,,
1937,1,0,5,3,,,,
1938,5,0,29,6,,,,
1939,1,0,2,2,,,,
1940,0,1,1,1,,,,
1941,5,0,34,4,,,,
1942,15,3,57,11,,,,
1943,0,0,1,1,,,,
1944,0,0,1,1,,,,
1945,0,0,1,1,,,,
1946,2,0,6,2,,,,
1947,0,0,1,1,,,,
1948,1,0,1,1,,,,
1949,1,0,1,1,,,,
1950,2,0,10,6,,,,
1951,1,0,2,2,,,,
1952,1,0,6,2,,,,
1953,0,0,1,1,,,,
1954,3,0,19,6,,,,
1955,2,0,3,2,,,,
1956,2,0,6,4,,,,
1957,0,0,1,1,,,,
1958,1,0,1,1,,,,
1959,0,0,5,4,,,,
1960,0,0,3,1,,,,
1961,1,0,1,1,,,,
1962,1,0,5,2,,,,
1963,0,0,2,2,,,,
1964,2,1,10,6,,,,
1965,1,0,1,1,,,,
1966,1,0,1,1,,,,
1967,0,0,2,2,,,,
1968,0,0,3,3,,,,
1969,1,1,1,1,,,,
1970,0,0,1,1,,,,
1971,4,0,4,3,,,,
1972,1,0,3,2,,,,
1973,4,0,8,3,,,,
1974,0,0,1,1,,,,
1975,0,0,1,1,,,,
1976,1,0,2,2,,,,
1977,2,0,16,2,,,,
1978,1,0,3,2,,,,
1979,0,1,2,2,,,,
1980,3,3,30,2,,,,
1981,0,0,5,2,,,,
1982,2,0,2,1,,,,
1983,4,0,15,3,,,,
1984,0,0,1,1,,,,
1985,1,0,1,1,,,,
1986,2,0,8,2,,,,
1987,6,0,24,4,,,,
1988,5,0,15,5,,,,
1989,1,0,1,1,,,,
1990,1,1,2,2,,,,
1991,1,0,1,1,,,,
1992,2,0,2,2,,,,
1993,5,0,15,5,,,,
1994,1,0,1,1,,,,
1995,2,0,10,2,,,,
1996,0,0,1,1,,,,
1997,3,1,15,4,,,,
1998,3,0,34,5,,,,
1999,1,0,3,1,,,,
2000,0,0,8,2,,,,
2001,7,3,48,9,,,,
2002,3,1,22,6,,,,
2003,1,0,1,1,,,,
2004,1,0,4,3,,,,
2005,0,0,2,2,,,,
2006,2,0,7,3,,,,
2007,0,0,1,1,,,,
2008,1,0,2,2,,,,
2009,1,0,7,3,,,,
2010,1,0,3,2,,,,
2011,0,0,2,2,,,,
2012,29,1,191,15,,,,
2013,0,0,3,1,,,,
2014,0,0,1,1,,,,
2015,1,0,1,1,,,,
2016,0,0,1,1,,,,
2017,0,0,2,2,,,,
2018,1,0,1,1,,,,
2019,3,0,3,2,,,,
2020,0,0,9,2,,,,
2021,0,0,1,1,,,,
2022,6,0,25,5,,,,
2023,0,0,2,1,,,,
2024,6,7,66,3,,,,
2025,3,1,39,4,,,,
2026,13,0,36,4,,,,
2027,0,0,1,1,,,,
2028,1,0,4,4,,,,
2029,1,1,2,1,,,,
2030,3,1,7,3,,,,
2031,1,0,3,1,,,,
2032,2,0,21,5,,,,
2033,2,0,11,4,,,,
2034,0,0,5,1,,,,
2035,1,1,4,1,,,,
2036,0,0,3,2,,,,
2037,1,0,4,2,,,,
2038,0,0,2,1,,,,
2039,0,0,4,2,,,,
2040,2,0,10,2,,,,
2041,0,0,1,1,,,,
2042,0,0,12,4,,,,
2043,0,0,3,2,,,,
2044,0,0,2,1,,,,
2045,1,0,1,1,,,,
2046,1,0,4,1,,,,
2047,0,0,2,1,,,,
2048,0,0,2,2,,,,
2049,3,0,21,6,,,,
2050,1,1,2,2,,,,
2051,2,0,12,4,,,,
2052,0,0,1,1,,,,
2053,1,0,1,1,,,,
2054,5,0,31,7,,,,
2055,1,0,1,1,,,,
2056,9,1,72,6,,,,
2057,2,0,7,3,,,,
2058,1,0,4,3,,,,
2059,0,0,1,1,,,,
2060,1,0,3,1,,,,
2061,0,0,1,1,,,,
2062,5,0,18,4,,,,
2063,2,0,21,4,,,,
2064,0,0,3,2,,,,
2065,3,1,10,3,,,,
2066,3,0,10,4,,,,
2067,8,0,37,4,,,,
2068,1,0,6,4,,,,
2069,4,2,49,5,,,,
2070,1,0,1,1,,,,
2071,2,0,8,5,,,,
2072,3,0,23,4,,,,
2073,0,0,12,3,,,,
2074,6,1,23,3,,,,
2075,2,0,8,3,,,,
2076,1,0,2,2,,,,
2077,1,0,1,1,,,,
2078,1,0,5,2,,,,
2079,4,0,16,3,,,,
2080,1,0,1,1,,,,
2081,0,0,1,1,,,,
2082,3,0,8,2,,,,
2083,0,0,1,1,,,,
2084,0,0,1,1,,,,
2085,2,1,5,2,,,,
2086,2,0,2,1,,,,
2087,3,0,10,2,,,,
2088,1,0,1,1,,,,
2089,1,0,1,1,,,,
2090,0,0,1,1,,,,
2091,4,0,23,5,,,,
2092,1,0,1,1,,,,
2093,1,0,2,2,,,,
2094,2,0,5,3,,,,
2095,6,0,25,4,,,,
2096,1,0,10,4,,,,
2097,0,0,1,1,,,,
2098,3,1,20,2,,,,
2099,1,0,1,1,,,,
2100,2,0,2,1,,,,
2101,0,0,1,1,,,,
2102,1,0,2,1,,,,
2103,0,0,1,1,,,,
2104,3,0,7,2,,,,
2105,1,0,2,2,,,,
2106,2,0,6,2,,,,
2107,6,1,28,3,,,,
2108,4,0,20,7,,,,
2109,7,1,68,6,,,,
2110,0,0,1,1,,,,
2111,1,0,1,1,,,,
2112,8,1,58,3,,,,
2113,0,0,1,1,,,,
2114,4,0,10,2,,,,
2115,3,0,13,3,,,,
2116,1,0,1,1,,,,
2117,0,0,3,2,,,,
2118,3,0,10,4,,,,
2119,0,0,3,2,,,,
2120,10,1,63,6,,,,
2121,1,0,4,3,,,,
2122,3,0,7,3,,,,
2123,7,2,44,8,,,,
2124,1,0,2,1,,,,
2125,0,0,1,1,,,,
2126,9,0,18,5,,,,
2127,0,0,1,1,,,,
2128,0,0,1,1,,,,
2129,4,0,18,3,,,,
2130,2,0,19,4,,,,
2131,2,0,2,2,,,,
2132,4,2,14,4,,,,
2133,3,3,53,6,,,,
2134,0,0,1,1,,,,
2135,4,0,18,4,,,,
2136,0,0,1,1,,,,
2137,2,1,15,2,,,,
2138,4,0,13,3,,,,
2139,1,0,5,2,,,,
2140,5,0,21,7,,,,
2141,0,0,1,1,,,,
2142,1,0,4,2,,,,
2143,2,0,24,3,,,,
2144,0,0,1,1,,,,
2145,0,1,16,3,,,,
2146,1,0,4,1,,,,
2147,2,0,11,4,,,,
2148,0,0,1,1,,,,
2149,1,0,6,3,,,,
2150,3,0,7,2,,,,
2151,3,0,3,2,,,,
2152,1,0,1,1,,,,
2153,2,0,2,2,,,,
2154,2,0,4,2,,,,
2155,1,0,4,3,,,,
2156,1,0,1,1,,,,
2157,1,0,1,1,,,,
2158,1,0,3,2,,,,
2159,0,0,1,1,,,,
2160,3,0,9,3,,,,
2161,1,0,5,1,,,,
2162,7,0,32,4,,,,
2163,0,0,1,1,,,,
2164,0,0,2,1,,,,
2165,1,0,1,1,,,,
2166,0,0,4,3,,,,
2167,1,0,4,2,,,,
2168,0,1,7,2,,,,
2169,0,0,9,3,,,,
2170,1,0,5,2,,,,
2171,1,0,2,2,,,,
2172,0,0,2,2,,,,
2173,0,0,6,1,,,,
2174,2,0,2,2,,,,
2175,2,0,4,3,,,,
2176,1,1,14,7,,,,
2177,0,0,1,1,,,,
2178,8,1,52,7,,,,
2179,8,0,23,5,,,,
2180,0,0,1,1,,,,
2181,0,0,6,3,,,,
2182,0,0,1,1,,,,
2183,1,0,1,1,,,,
2184,0,0,3,2,,,,
2185,0,0,1,1,,,,
2186,1,0,5,2,,,,
2187,0,0,1,1,,,,
2188,2,0,8,2,,,,
2189,1,0,1,1,,,,
2190,0,0,8,2,,,,
2191,3,0,7,3,,,,
2192,5,0,16,4,,,,
2193,2,0,2,1,,,,
2194,7,0,26,4,,,,
2195,1,0,1,1,,,,
2196,2,0,3,2,,,,
2197,0,0,5,3,,,,
2198,1,0,1,1,,,,
2199,6,0,12,3,,,,
2200,1,0,1,1,,,,
2201,0,0,4,2,,,,
2202,1,0,1,1,,,,
2203,0,1,2,1,,,,
2204,9,0,24,2,,,,
2205,0,0,2,1,,,,
2206,0,0,2,2,,,,
2207,1,0,1,1,,,,
2208,10,1,37,8,,,,
2209,1,0,4,2,,,,
2210,1,0,4,2,,,,
2211,1,0,5,2,,,,
2212,4,1,25,5,,,,
2213,0,1,4,3,,,,
2214,7,0,41,7,,,,
2215,0,0,22,7,,,,
2216,1,0,1,1,,,,
2217,0,0,3,2,,,,
2218,0,0,1,1,,,,
2219,2,0,5,2,,,,
2220,3,0,5,2,,,,
2221,4,1,34,6,,,,
2222,0,0,2,1,,,,
2223,0,0,1,1,,,,
2224,1,0,1,1,,,,
2225,0,0,6,2,,,,
2226,1,0,2,1,,,,
2227,1,0,5,2,,,,
2228,5,1,53,4,,,,
2229,2,0,9,4,,,,
2230,3,0,17,3,,,,
2231,4,0,17,4,,,,
2232,1,0,3,2,,,,
2233,3,0,19,4,,,,
2234,5,0,33,5,,,,
2235,9,3,45,8,,,,
2236,1,0,1,1,,,,
2237,0,0,10,7,,,,
2238,0,0,1,1,,,,
2239,1,0,1,1,,,,
2240,25,0,136,5,,,,
2241,1,0,1,1,,,,
2242,0,0,3,1,,,,
2243,1,1,11,3,,,,
2244,1,0,1,1,,,,
2245,1,0,1,1,,,,
2246,3,0,8,2,,,,
2247,1,0,3,2,,,,
2248,1,0,5,1,,,,
2249,0,0,2,2,,,,
2250,1,0,1,1,,,,
2251,5,3,35,4,,,,
2252,1,0,4,1,,,,
2253,2,0,7,5,,,,
2254,0,0,1,1,,,,
2255,0,0,2,1,,,,
2256,3,0,22,6,,,,
2257,0,0,1,1,,,,
2258,1,0,4,3,,,,
2259,1,0,5,3,,,,
2260,0,0,4,1,,,,
2261,5,1,12,2,,,,
2262,1,0,1,1,,,,
2263,0,3,57,6,,,,
2264,3,0,20,3,,,,
2265,4,0,17,3,,,,
2266,0,0,4,1,,,,
2267,1,0,1,1,,,,
2268,1,0,6,3,,,,
2269,0,0,1,1,,,,
2270,0,0,7,4,,,,
2271,0,0,1,1,,,,
2272,1,0,3,2,,,,
2273,5,0,20,4,,,,
2274,4,0,8,4,,,,
2275,2,0,9,5,,,,
2276,0,0,3,2,,,,
2277,1,1,2,2,,,,
2278,0,0,3,2,,,,
2279,0,0,1,1,,,,
2280,1,0,2,2,,,,
2281,1,0,4,2,,,,
2282,1,0,1,1,,,,
2283,1,0,5,4,,,,
2284,0,0,1,1,,,,
2285,2,0,9,2,,,,
2286,8,0,32,6,,,,
2287,1,0,1,1,,,,
2288,3,0,15,6,,,,
2289,0,0,2,2,,,,
2290,1,0,1,1,,,,
2291,1,0,8,3,,,,
2292,1,0,1,1,,,,
2293,1,0,3,1,,,,
2294,0,0,6,1,,,,
2295,2,0,11,3,,,,
2296,1,2,15,2,,,,
2297,0,0,2,1,,,,
2298,2,0,3,3,,,,
2299,0,0,1,1,,,,
2300,2,0,11,3,,,,
2301,3,0,10,2,,,,
2302,0,0,1,1,,,,
2303,4,1,21,5,,,,
2304,0,0,1,1,,,,
2305,7,0,33,4,,,,
2306,1,0,6,3,,,,
2307,1,0,9,2,,,,
2308,3,0,15,5,,,,
2309,12,2,56,5,,,,
2310,1,0,8,4,,,,
2311,1,0,8,2,,,,
2312,2,0,12,3,,,,
2313,1,0,1,1,,,,
2314,0,0,10,2,,,,
2315,1,0,18,4,,,,
2316,0,0,1,1,,,,
2317,2,0,11,4,,,,
2318,0,0,1,1,,,,
2319,3,0,15,4,,,,
2320,0,0,1,1,,,,
2321,0,0,4,1,,,,
2322,3,0,10,2,,,,
2323,0,0,2,2,,,,
2324,3,0,12,5,,,,
2325,7,1,17,3,,,,
2326,1,0,1,1,,,,
2327,0,0,1,1,,,,
2328,2,0,3,2,,,,
2329,1,0,2,2,,,,
2330,0,0,1,1,,,,
2331,1,0,2,1,,,,
2332,0,0,1,1,,,,
2333,6,0,18,5,,,,
2334,8,0,29,6,,,,
2335,3,0,7,5,,,,
2336,0,0,2,1,,,,
2337,3,0,13,6,,,,
2338,2,0,5,2,,,,
2339,3,0,23,8,,,,
2340,3,4,25,6,,,,
2341,0,0,1,1,,,,
2342,4,1,28,4,,,,
2343,0,1,5,2,,,,
2344,0,0,4,3,,,,
2345,1,1,6,3,,,,
2346,3,0,8,4,,,,
2347,0,0,1,1,,,,
2348,0,0,3,1,,,,
2349,1,0,2,2,,,,
2350,3,1,7,4,,,,
2351,1,0,2,2,,,,
2352,1,0,1,1,,,,
2353,0,0,3,1,,,,
2354,5,0,35,2,,,,
2355,1,0,2,1,,,,
2356,3,0,11,3,,,,
2357,6,1,33,3,,,,
2358,8,0,44,6,,,,
2359,0,0,1,1,,,,
2360,1,1,5,3,,,,
2361,0,0,1,1,,,,
2362,1,0,5,4,,,,
2363,1,0,2,2,,,,
2364,4,0,14,4,,,,
2365,1,0,34,5,,,,
2366,1,0,1,1,,,,
2367,1,0,2,1,,,,
2368,0,0,6,3,,,,
2369,3,0,14,5,,,,
2370,0,0,1,1,,,,
2371,0,0,1,1,,,,
2372,2,0,5,3,,,,
2373,0,0,1,1,,,,
2374,1,0,5,3,,,,
2375,6,0,28,12,,,,
2376,1,0,1,1,,,,
2377,2,0,6,2,,,,
2378,1,0,10,3,,,,
2379,1,0,1,1,,,,
2380,8,2,48,7,,,,
2381,6,0,20,7,,,,
2382,4,0,13,5,,,,
2383,2,0,19,3,,,,
2384,5,0,17,4,,,,
2385,1,0,4,3,,,,
2386,3,0,8,5,,,,
2387,1,0,2,2,,,,
2388,2,0,2,2,,,,
2389,1,0,2,1,,,,
2390,0,0,2,2,,,,
2391,2,0,3,3,,,,
2392,2,1,14,4,,,,
2393,0,0,1,1,,,,
2394,1,0,1,1,,,,
2395,2,0,4,4,,,,
2396,1,0,3,3,,,,
2397,1,1,14,4,,,,
2398,0,0,1,1,,,,
2399,1,0,4,1,,,,
2400,0,0,1,1,,,,
2401,3,0,9,3,,,,
2402,4,0,16,4,,,,
2403,2,0,10,3,,,,
2404,0,0,2,1,,,,
2405,0,0,1,1,,,,
2406,6,1,39,6,,,,
2407,1,0,1,1,,,,
2408,1,0,1,1,,,,
2409,1,0,1,1,,,,
2410,0,0,4,3,,,,
2411,3,0,6,4,,,,
2412,0,0,2,1,,,,
2413,3,0,3,1,,,,
2414,1,0,6,1,,,,
2415,0,0,6,3,,,,
2416,2,0,2,2,,,,
2417,1,0,1,1,,,,
2418,0,0,4,3,,,,
2419,1,0,2,1,,,,
2420,12,0,57,6,,,,
2421,0,0,1,1,,,,
2422,1,0,2,1,,,,
2423,1,0,1,1,,,,
2424,2,0,5,3,,,,
2425,2,0,6,3,,,,
2426,1,0,2,2,,,,
2427,1,0,1,1,,,,
2428,0,0,1,1,,,,
2429,0,0,2,1,,,,
2430,14,0,92,8,,,,
2431,1,0,2,2,,,,
2432,9,2,73,10,,,,
2433,1,0,1,1,,,,
2434,1,0,1,1,,,,
2435,0,0,1,1,,,,
2436,2,0,2,2,,,,
2437,2,0,5,4,,,,
2438,1,0,1,1,,,,
2439,0,0,8,4,,,,
2440,2,0,14,4,,,,
2441,1,0,2,2,,,,
2442,2,0,13,5,,,,
2443,5,0,20,4,,,,
2444,1,0,3,2,,,,
2445,0,0,1,1,,,,
2446,4,0,22,7,,,,
2447,1,0,1,1,,,,
2448,1,0,4,2,,,,
2449,1,0,1,1,,,,
2450,7,0,41,5,,,,
2451,1,0,1,1,,,,
2452,4,1,15,2,,,,
2453,1,0,3,3,,,,
2454,2,0,7,1,,,,
2455,1,0,1,1,,,,
2456,1,0,2,1,,,,
2457,0,0,1,1,,,,
2458,2,1,4,2,,,,
2459,3,0,20,6,,,,
2460,2,0,6,4,,,,
2461,2,0,6,3,,,,
2462,1,0,21,4,,,,
2463,0,0,1,1,,,,
2464,3,0,14,5,,,,
2465,10,0,146,9,,,,
2466,5,0,46,9,,,,
2467,1,0,2,1,,,,
2468,0,0,1,1,,,,
2469,2,1,12,4,,,,
2470,0,0,2,1,,,,
2471,3,0,3,1,,,,
2472,13,0,45,2,,,,
2473,1,1,4,1,,,,
2474,1,0,2,2,,,,
2475,11,0,25,4,,,,
2476,1,0,1,1,,,,
2477,0,1,9,3,,,,
2478,12,1,68,7,,,,
2479,2,0,8,4,,,,
2480,1,2,24,4,,,,
2481,0,0,1,1,,,,
2482,0,0,1,1,,,,
2483,14,4,120,10,,,,
2484,0,0,5,3,,,,
2485,1,0,2,2,,,,
2486,1,0,1,1,,,,
2487,1,0,3,1,,,,
2488,2,0,10,5,,,,
