conv_id,#_messages,#_authors
1,1,1
2,17,4
3,12,3
4,20,4
5,1,1
6,6,1
7,5,2
8,1,1
9,5,2
10,2,2
11,9,3
12,40,3
13,1,1
14,1,1
15,39,4
16,8,4
17,9,3
18,2,1
19,26,4
20,11,5
21,1,1
22,2,1
23,6,3
24,17,7
25,1,1
26,1,1
27,4,2
28,11,2
29,5,2
30,2,2
31,8,4
32,1,1
33,12,5
34,1,1
35,7,2
36,7,2
37,6,3
38,17,3
39,132,10
40,3,2
41,17,5
42,6,2
43,3,2
44,23,5
45,1,1
46,89,5
47,1,1
48,9,5
49,1,1
50,12,3
51,2,2
52,4,1
53,2,1
54,1,1
55,3,2
56,3,2
57,9,4
58,1,1
59,8,2
60,9,4
61,2,2
62,3,3
63,39,4
64,7,2
65,1,1
66,6,3
67,1,1
68,11,4
69,2,2
70,1,1
71,14,4
72,2,1
73,21,3
74,3,1
75,1,1
76,17,5
77,2,2
78,15,3
79,4,2
80,10,3
81,1,1
82,59,9
83,13,2
84,2,2
85,11,3
86,1,1
87,1,1
88,10,2
89,11,4
90,6,3
91,24,4
92,1,1
93,82,9
94,39,7
95,35,10
96,2,1
97,2,2
98,3,3
99,1,1
100,2,2
101,15,4
102,1,1
103,34,4
104,9,4
105,1,1
106,5,3
107,2,2
108,26,7
109,2,1
110,36,11
111,1,1
112,2,2
113,49,4
114,1,1
115,24,3
116,14,4
117,2,2
118,5,2
119,15,2
120,1,1
121,12,2
122,7,2
123,54,6
124,3,1
125,1,1
126,3,2
127,8,4
128,2,2
129,2,2
130,7,3
131,43,5
132,8,4
133,6,3
134,1,1
135,8,3
136,6,2
137,5,3
138,8,3
139,12,4
140,3,2
141,8,4
142,1,1
143,4,3
144,5,3
145,15,3
146,2,1
147,2,1
148,1,1
149,18,5
150,7,5
151,101,9
152,1,1
153,1,1
154,2,1
155,73,6
156,1,1
157,1,1
158,1,1
159,1,1
160,1,1
161,20,3
162,3,2
163,8,5
164,1,1
165,5,3
166,1,1
167,3,1
168,5,2
169,9,4
170,7,2
171,1,1
172,11,3
173,32,4
174,11,2
175,5,3
176,1,1
177,2,1
178,2,1
179,9,4
180,1,1
181,3,3
182,3,2
183,3,1
184,2,1
185,16,4
186,2,1
187,7,2
188,1,1
189,1,1
190,23,4
191,2,1
192,7,2
193,29,4
194,6,3
195,25,6
196,1,1
197,10,2
198,129,8
199,1,1
200,1,1
201,5,2
202,3,1
203,33,4
204,4,2
205,1,1
206,2,1
207,14,2
208,2,2
209,3,1
210,5,2
211,7,3
212,47,3
213,12,4
214,80,6
215,1,1
216,1,1
217,4,2
218,102,9
219,2,1
220,4,2
221,19,2
222,93,5
223,1,1
224,3,2
225,62,5
226,1,1
227,1,1
228,4,2
229,6,5
230,1,1
231,6,4
232,6,3
233,1,1
234,30,3
235,10,2
236,13,2
237,6,2
238,47,4
239,8,4
240,3,2
241,5,3
242,1,1
243,34,4
244,34,6
245,8,4
246,30,3
247,3,2
248,3,2
249,7,4
250,1,1
251,9,3
252,7,3
253,24,5
254,3,2
255,24,3
256,6,2
257,5,2
258,2,1
259,1,1
260,1,1
261,5,2
262,2,2
263,6,2
264,17,4
265,45,6
266,4,2
267,22,2
268,2,2
269,2,1
270,3,2
271,32,5
272,6,5
273,15,6
274,1,1
275,22,3
276,40,4
277,4,3
278,31,6
279,3,2
280,11,4
281,4,3
282,25,3
283,58,6
284,5,2
285,12,3
286,1,1
287,1,1
288,5,2
289,33,7
290,39,7
291,1,1
292,1,1
293,12,4
294,9,4
295,1,1
296,8,3
297,6,3
298,3,2
299,20,5
300,2,2
301,1,1
302,5,2
303,6,1
304,2,1
305,35,3
306,16,3
307,18,5
308,2,1
309,5,2
310,1,1
311,15,5
312,1,1
313,9,2
314,9,4
315,2,1
316,6,3
317,1,1
318,61,3
319,1,1
320,17,5
321,2,2
322,2,1
323,7,2
324,8,2
325,1,1
326,1,1
327,31,4
328,3,2
329,2,1
330,18,4
331,4,3
332,1,1
333,8,3
334,32,5
335,2,2
336,4,3
337,22,3
338,44,3
339,1,1
340,6,2
341,1,1
342,4,1
343,3,1
344,1,1
345,1,1
346,21,2
347,2,1
348,2,1
349,2,1
350,26,5
351,8,3
352,76,14
353,2,2
354,1,1
355,9,3
356,59,9
357,2,1
358,14,2
359,13,4
360,3,2
361,19,7
362,6,3
363,1,1
364,1,1
365,38,3
366,1,1
367,8,2
368,1,1
369,65,3
370,1,1
371,11,2
372,7,4
373,1,1
374,12,2
375,86,4
376,2,2
377,3,2
378,3,3
379,6,3
380,4,3
381,5,2
382,4,3
383,2,2
384,15,3
385,3,1
386,3,2
387,1,1
388,1,1
389,11,2
390,1,1
391,1,1
392,1,1
393,7,2
394,60,2
395,1,1
396,13,3
397,1,1
398,1,1
399,6,2
400,3,2
401,2,2
402,2,2
403,35,7
404,1,1
405,1,1
406,2,1
407,2,1
408,3,2
409,2,2
410,12,5
411,15,3
412,4,2
413,1,1
414,20,2
415,15,3
416,22,4
417,3,3
418,1,1
419,14,3
420,71,8
421,2,2
422,12,3
423,89,9
424,1,1
425,1,1
426,1,1
427,1,1
428,1,1
429,27,7
430,1,1
431,4,3
432,115,11
433,3,2
434,1,1
435,63,9
436,6,3
437,29,3
438,1,1
439,1,1
440,11,2
441,6,2
442,4,1
443,2,2
444,3,1
445,25,4
446,1,1
447,3,2
448,9,3
449,6,3
450,3,3
451,60,5
452,2,2
453,1,1
454,12,4
455,19,7
456,13,3
457,18,3
458,52,12
459,1,1
460,1,1
461,3,3
462,8,3
463,3,1
464,7,2
465,2,2
466,1,1
467,7,2
468,36,12
469,2,1
470,1,1
471,1,1
472,3,1
473,1,1
474,86,7
475,1,1
476,1,1
477,1,1
478,2,2
479,17,4
480,1,1
481,4,2
482,1,1
483,4,2
484,1,1
485,41,6
486,3,2
487,3,2
488,2,2
489,8,2
490,2,2
491,39,4
492,1,1
493,1,1
494,64,5
495,4,1
496,1,1
497,59,7
498,3,2
499,4,2
500,7,2
501,42,2
502,1,1
503,20,3
504,1,1
505,29,2
506,1,1
507,5,1
508,80,8
509,1,1
510,2,2
511,1,1
512,2,2
513,4,2
514,5,1
515,4,2
516,7,3
517,12,4
518,1,1
519,14,2
520,4,2
521,3,1
522,10,4
523,2,1
524,18,2
525,6,3
526,79,11
527,1,1
528,2,2
529,94,5
530,5,3
531,76,4
532,1,1
533,22,7
534,2,2
535,1,1
536,14,3
537,20,4
538,11,3
539,5,2
540,17,5
541,3,3
542,3,2
543,3,2
544,5,3
545,10,3
546,4,2
547,4,3
548,1,1
549,5,2
550,4,2
551,9,2
552,7,4
553,1,1
554,14,4
555,1,1
556,16,3
557,37,4
558,1,1
559,6,3
560,90,10
561,2,2
562,3,2
563,4,3
564,9,3
565,9,3
566,4,2
567,1,1
568,12,4
569,1,1
570,38,5
571,67,3
572,73,4
573,2,1
574,1,1
575,3,1
576,1,1
577,26,4
578,8,2
579,15,8
580,2,2
581,6,3
582,7,3
583,11,3
584,1,1
585,2,1
586,3,1
587,8,2
588,1,1
589,3,2
590,1,1
591,8,1
592,6,4
593,2,1
594,6,2
595,2,1
596,6,2
597,1,1
598,1,1
599,1,1
600,21,4
601,7,3
602,10,2
603,13,6
604,3,2
605,12,2
606,2,1
607,3,2
608,10,2
609,3,2
610,1,1
611,6,3
612,5,1
613,1,1
614,1,1
615,22,5
616,4,2
617,14,4
618,5,3
619,2,1
620,8,5
621,10,5
622,1,1
623,1,1
624,10,3
625,7,3
626,1,1
627,2,1
628,6,3
629,3,2
630,2,1
631,24,4
632,14,2
633,5,4
634,3,1
635,59,9
636,1,1
637,2,2
638,18,3
639,4,1
640,1,1
641,1,1
642,18,4
643,5,2
644,4,2
645,11,2
646,13,3
647,2,1
648,1,1
649,4,2
650,1,1
651,3,2
652,6,2
653,3,1
654,2,2
655,4,2
656,5,4
657,5,3
658,56,8
659,14,5
660,1,1
661,1,1
662,1,1
663,1,1
664,15,7
665,12,4
666,28,6
667,21,6
668,1,1
669,10,3
670,7,3
671,14,5
672,8,4
673,1,1
674,1,1
675,5,1
676,2,2
677,3,1
678,2,1
679,30,7
680,83,10
681,2,1
682,2,2
683,2,1
684,3,1
685,2,2
686,6,3
687,47,6
688,1,1
689,1,1
690,34,6
691,6,2
692,18,2
693,29,6
694,7,3
695,1,1
696,1,1
697,9,3
698,1,1
699,52,9
700,12,5
701,1,1
702,2,1
703,1,1
704,2,1
705,78,8
706,1,1
707,30,7
708,2,2
709,2,1
710,9,3
711,46,4
712,7,4
713,72,7
714,1,1
715,18,3
716,1,1
717,14,3
718,8,5
719,4,2
720,2,2
721,18,3
722,27,4
723,4,2
724,37,8
725,2,2
726,6,4
727,1,1
728,29,6
729,1,1
730,11,7
731,36,6
732,3,2
733,1,1
734,24,3
735,117,8
736,32,3
737,1,1
738,60,5
739,2,1
740,7,4
741,14,2
742,1,1
743,1,1
744,35,6
745,2,2
746,40,2
747,55,6
748,1,1
749,4,2
750,44,7
751,3,1
752,12,6
753,10,3
754,13,4
755,1,1
756,7,2
757,4,2
758,1,1
759,1,1
760,2,1
761,11,3
762,4,2
763,55,4
764,1,1
765,26,3
766,2,2
767,24,3
768,10,2
769,20,5
770,2,1
771,7,3
772,1,1
773,1,1
774,3,2
775,14,6
776,3,3
777,11,4
778,31,5
779,2,1
780,23,5
781,1,1
782,11,3
783,6,3
784,2,2
785,5,2
786,2,2
787,6,2
788,6,2
789,1,1
790,4,2
791,4,2
792,1,1
793,3,2
794,5,3
795,3,3
796,34,9
797,1,1
798,6,3
799,12,3
800,1,1
801,2,2
802,11,4
803,2,1
804,2,1
805,2,2
806,71,6
807,1,1
808,6,3
809,11,3
810,4,3
811,1,1
812,3,3
813,3,1
814,1,1
815,3,1
816,11,3
817,6,1
818,2,1
819,1,1
820,2,2
821,3,1
822,3,2
823,2,1
824,36,7
825,2,1
826,19,2
827,1,1
828,17,2
829,4,2
830,10,2
831,55,5
832,2,2
833,1,1
834,2,1
835,43,10
836,1,1
837,8,5
838,17,4
839,54,9
840,12,5
841,10,4
842,27,11
843,1,1
844,3,2
845,2,1
846,2,2
847,19,3
848,2,1
849,1,1
850,28,5
851,2,1
852,2,2
853,6,4
854,30,6
855,1,1
856,1,1
857,15,7
858,9,4
859,1,1
860,6,1
861,5,1
862,7,2
863,2,2
864,19,5
865,1,1
866,3,3
867,2,1
868,42,4
869,4,3
870,5,3
871,4,2
872,5,2
873,3,2
874,2,1
875,3,3
876,2,2
877,2,2
878,6,4
879,2,2
880,16,3
881,1,1
882,2,1
883,13,3
884,1,1
885,4,3
886,11,3
887,1,1
888,19,4
889,1,1
890,18,2
891,2,2
892,1,1
893,3,2
894,4,2
895,33,2
896,4,2
897,7,4
898,102,12
899,2,2
900,2,1
901,21,6
902,1,1
903,16,4
904,88,10
905,1,1
906,1,1
907,78,5
908,115,7
909,1,1
910,5,2
911,1,1
912,1,1
913,7,2
914,3,2
915,3,1
916,1,1
917,1,1
918,2,1
919,34,7
920,24,7
921,20,6
922,1,1
923,5,1
924,4,1
925,18,4
926,1,1
927,3,2
928,44,4
929,2,2
930,17,2
931,3,2
932,2,1
933,8,3
934,99,10
935,1,1
936,2,2
937,1,1
938,1,1
939,96,11
940,3,3
941,2,2
942,43,7
943,1,1
944,3,2
945,24,4
946,4,3
947,8,2
948,3,1
949,3,2
950,1,1
951,5,2
952,32,8
953,1,1
954,4,2
955,114,15
956,2,2
957,4,2
958,4,3
959,8,4
960,24,6
961,2,2
962,4,2
963,1,1
964,32,5
965,3,1
966,16,4
967,7,2
968,5,2
969,2,1
970,25,6
971,3,2
972,8,3
973,3,1
974,14,5
975,2,2
976,1,1
977,7,2
978,6,3
979,11,2
980,72,5
981,1,1
982,1,1
983,1,1
984,4,2
985,2,2
986,20,3
987,10,5
988,5,3
989,3,1
990,2,2
991,2,1
992,1,1
993,5,2
994,1,1
995,1,1
996,1,1
997,9,4
998,1,1
999,2,1
1000,1,1
1001,1,1
1002,3,1
1003,1,1
1004,8,3
1005,5,3
1006,2,2
1007,1,1
1008,13,3
1009,6,3
1010,4,2
1011,1,1
1012,9,3
1013,1,1
1014,24,5
1015,2,1
1016,2,2
1017,3,3
1018,42,6
1019,8,2
1020,3,2
1021,188,8
1022,3,1
1023,2,2
1024,2,1
1025,2,1
1026,11,3
1027,3,3
1028,10,3
1029,1,1
1030,1,1
1031,1,1
1032,1,1
1033,23,5
1034,1,1
1035,1,1
1036,1,1
1037,11,3
1038,1,1
1039,36,11
1040,1,1
1041,1,1
1042,12,5
1043,8,2
1044,8,3
1045,11,4
1046,24,6
1047,1,1
1048,2,2
1049,1,1
1050,21,5
1051,3,2
1052,1,1
1053,20,5
1054,2,1
1055,7,3
1056,4,2
1057,3,2
1058,5,3
1059,3,1
1060,2,2
1061,6,3
1062,1,1
1063,31,11
1064,4,1
1065,1,1
1066,1,1
1067,5,2
1068,2,1
1069,19,4
1070,2,2
1071,7,3
1072,12,5
1073,1,1
1074,19,6
1075,2,1
1076,2,2
1077,3,2
1078,5,1
1079,2,1
1080,6,3
1081,1,1
1082,10,7
1083,1,1
1084,21,4
1085,1,1
1086,2,2
1087,67,7
1088,2,1
1089,14,5
1090,74,4
1091,1,1
1092,1,1
1093,6,4
1094,3,2
1095,1,1
1096,3,1
1097,2,2
1098,2,1
1099,5,1
1100,13,3
1101,1,1
1102,3,1
1103,2,1
1104,19,2
1105,1,1
1106,5,3
1107,13,3
1108,1,1
1109,4,3
1110,1,1
1111,1,1
1112,1,1
1113,8,4
1114,1,1
1115,1,1
1116,24,4
1117,1,1
1118,6,2
1119,24,3
1120,7,4
1121,1,1
1122,5,3
1123,2,2
1124,1,1
1125,32,5
1126,1,1
1127,22,3
1128,8,2
1129,2,2
1130,13,5
1131,3,1
1132,2,1
1133,1,1
1134,2,2
1135,18,6
1136,1,1
1137,2,1
1138,5,3
1139,2,2
1140,10,2
1141,1,1
1142,1,1
1143,1,1
1144,4,2
1145,25,4
1146,1,1
1147,11,4
1148,1,1
1149,11,4
1150,12,3
1151,1,1
1152,1,1
1153,19,4
1154,2,2
1155,1,1
1156,3,1
1157,4,3
1158,3,2
1159,1,1
1160,6,2
1161,51,6
1162,3,2
1163,2,1
1164,2,2
1165,14,5
1166,18,3
1167,17,3
1168,3,2
1169,21,6
1170,3,1
1171,1,1
1172,143,8
1173,5,1
1174,1,1
1175,2,1
1176,6,2
1177,10,4
1178,2,1
1179,19,4
1180,1,1
1181,74,6
1182,3,1
1183,25,3
1184,4,1
1185,13,3
1186,2,1
1187,70,6
1188,1,1
1189,40,6
1190,29,4
1191,1,1
1192,5,3
1193,1,1
1194,1,1
1195,1,1
1196,9,2
1197,11,3
1198,2,2
1199,1,1
1200,1,1
1201,10,5
1202,3,2
1203,40,5
1204,21,6
1205,2,2
1206,15,2
1207,8,3
1208,1,1
1209,3,1
1210,6,3
1211,10,2
1212,3,1
1213,3,2
1214,9,1
1215,9,3
1216,2,1
1217,18,4
1218,1,1
1219,8,2
1220,1,1
1221,5,3
1222,13,2
1223,4,3
1224,5,2
1225,21,4
1226,1,1
1227,30,6
1228,2,2
1229,4,2
1230,6,4
1231,2,1
1232,6,2
1233,6,3
1234,13,2
1235,5,3
1236,24,3
1237,1,1
1238,6,4
1239,1,1
1240,24,5
1241,4,3
1242,3,2
1243,4,2
1244,1,1
1245,29,3
1246,11,3
1247,10,5
1248,12,2
1249,16,3
1250,7,2
1251,3,2
1252,5,3
1253,3,3
1254,7,4
1255,8,3
1256,1,1
1257,1,1
1258,5,2
1259,3,2
1260,13,6
1261,5,2
1262,21,6
1263,1,1
1264,28,4
1265,1,1
1266,6,2
1267,7,4
1268,1,1
1269,9,4
1270,10,2
1271,9,3
1272,1,1
1273,9,2
1274,2,1
1275,1,1
1276,2,1
1277,7,4
1278,2,2
1279,2,2
1280,28,4
1281,1,1
1282,1,1
1283,11,6
1284,2,2
1285,3,2
1286,3,2
1287,3,3
1288,2,1
1289,4,3
1290,1,1
1291,24,3
1292,3,2
1293,3,2
1294,2,2
1295,8,5
1296,1,1
1297,2,2
1298,157,11
1299,1,1
1300,2,2
1301,9,6
1302,3,3
1303,25,7
1304,19,7
1305,5,2
1306,4,2
1307,1,1
1308,3,2
1309,12,4
1310,1,1
1311,8,3
1312,1,1
1313,5,3
1314,2,1
1315,3,2
1316,3,2
1317,1,1
1318,1,1
1319,1,1
1320,5,2
1321,12,4
1322,13,4
1323,7,3
1324,1,1
1325,4,2
1326,2,1
1327,55,6
1328,3,1
1329,64,5
1330,5,2
1331,5,2
1332,2,1
1333,15,4
1334,4,2
1335,8,2
1336,2,1
1337,3,3
1338,36,6
1339,11,4
1340,10,4
1341,52,7
1342,1,1
1343,1,1
1344,15,3
1345,55,2
1346,1,1
1347,3,3
1348,2,2
1349,33,3
1350,17,4
1351,1,1
1352,6,2
1353,9,4
1354,3,2
1355,1,1
1356,16,3
1357,1,1
1358,2,2
1359,2,1
1360,2,1
1361,4,3
1362,1,1
1363,11,4
1364,7,2
1365,40,6
1366,5,2
1367,2,2
1368,47,4
1369,1,1
1370,1,1
1371,8,3
1372,41,3
1373,1,1
1374,6,3
1375,1,1
1376,23,2
1377,37,4
1378,1,1
1379,35,4
1380,8,2
1381,1,1
1382,44,7
1383,97,11
1384,3,2
1385,1,1
1386,1,1
1387,1,1
1388,6,2
1389,2,2
1390,1,1
1391,28,3
1392,1,1
1393,8,5
1394,1,1
1395,34,4
1396,1,1
1397,2,1
1398,49,5
1399,20,4
1400,2,2
1401,2,2
1402,2,1
1403,2,2
1404,18,6
1405,2,2
1406,1,1
1407,84,10
1408,1,1
1409,1,1
1410,2,2
1411,8,2
1412,27,5
1413,1,1
1414,8,3
1415,3,3
1416,2,2
1417,73,5
1418,2,1
1419,4,3
1420,27,3
1421,1,1
1422,2,2
1423,17,3
1424,3,2
1425,1,1
1426,3,1
1427,2,2
1428,4,2
1429,2,2
1430,2,1
1431,16,2
1432,1,1
1433,1,1
1434,1,1
1435,22,6
1436,3,1
1437,2,2
1438,14,5
1439,2,2
1440,1,1
1441,1,1
1442,1,1
1443,27,4
1444,1,1
1445,2,2
1446,83,9
1447,1,1
1448,1,1
1449,40,9
1450,1,1
1451,5,1
1452,4,1
1453,1,1
1454,2,2
1455,13,6
1456,56,6
1457,3,2
1458,2,2
1459,10,4
1460,4,2
1461,2,2
1462,87,3
1463,1,1
1464,27,4
1465,6,3
1466,2,2
1467,3,3
1468,48,3
1469,1,1
1470,1,1
1471,27,3
1472,5,4
1473,1,1
1474,2,1
1475,82,6
1476,1,1
1477,31,4
1478,1,1
1479,26,3
1480,7,3
1481,1,1
1482,6,2
1483,7,1
1484,14,2
1485,70,8
1486,1,1
1487,3,1
1488,18,5
1489,2,1
1490,4,3
1491,7,4
1492,2,2
1493,2,1
1494,5,3
1495,3,1
1496,1,1
1497,10,3
1498,8,2
1499,5,3
1500,21,5
1501,1,1
1502,8,5
1503,12,4
1504,3,1
1505,10,2
1506,1,1
1507,8,2
1508,2,1
1509,18,3
1510,2,2
1511,7,2
1512,1,1
1513,3,2
1514,22,3
1515,5,2
1516,2,1
1517,6,2
1518,48,3
1519,4,3
1520,6,2
1521,8,4
1522,17,4
1523,36,8
1524,2,2
1525,1,1
1526,1,1
1527,13,4
1528,1,1
1529,5,4
1530,1,1
1531,31,5
1532,1,1
1533,5,3
1534,35,6
1535,3,1
1536,19,3
1537,21,4
1538,10,4
1539,2,2
1540,2,1
1541,1,1
1542,11,2
1543,19,3
1544,10,3
1545,1,1
1546,3,2
1547,19,3
1548,4,2
1549,7,4
1550,20,6
1551,11,3
1552,2,2
1553,3,2
1554,4,2
1555,19,5
1556,3,1
1557,1,1
1558,39,4
1559,26,5
1560,6,2
1561,15,3
1562,1,1
1563,100,12
1564,1,1
1565,3,2
1566,1,1
1567,1,1
1568,1,1
1569,24,6
1570,7,5
1571,1,1
1572,11,3
1573,1,1
1574,1,1
1575,9,3
1576,8,3
1577,1,1
1578,20,6
1579,2,2
1580,5,3
1581,1,1
1582,1,1
1583,10,2
1584,2,1
1585,4,1
1586,1,1
1587,8,5
1588,9,4
1589,12,3
1590,3,3
1591,1,1
1592,4,2
1593,4,4
1594,7,3
1595,1,1
1596,14,2
1597,49,4
1598,1,1
1599,39,6
1600,1,1
1601,1,1
1602,1,1
1603,1,1
1604,135,5
1605,1,1
1606,8,3
1607,16,2
1608,1,1
1609,12,3
1610,20,6
1611,3,1
1612,1,1
1613,6,2
1614,1,1
1615,7,2
1616,5,3
1617,10,4
1618,1,1
1619,1,1
1620,3,1
1621,1,1
1622,29,6
1623,2,2
1624,9,4
1625,29,6
1626,1,1
1627,1,1
1628,14,2
1629,7,3
1630,2,2
1631,3,2
1632,1,1
1633,6,1
1634,1,1
1635,10,2
1636,15,2
1637,2,1
1638,2,2
1639,7,3
1640,1,1
1641,25,5
1642,9,5
1643,1,1
1644,2,2
1645,14,4
1646,46,11
1647,3,3
1648,1,1
1649,1,1
1650,6,2
1651,1,1
1652,15,2
1653,1,1
1654,10,3
1655,85,5
1656,1,1
1657,106,2
1658,1,1
1659,6,4
1660,2,2
1661,1,1
1662,58,6
1663,1,1
1664,1,1
1665,1,1
1666,10,4
1667,14,3
1668,1,1
1669,2,2
1670,1,1
1671,1,1
1672,1,1
1673,6,4
1674,1,1
1675,2,2
1676,1,1
1677,7,2
1678,22,3
1679,37,2
1680,4,1
1681,22,3
1682,2,1
1683,2,1
1684,9,2
1685,29,6
1686,25,8
1687,7,2
1688,13,7
1689,7,3
1690,29,4
1691,5,2
1692,1,1
1693,2,1
1694,6,4
1695,3,2
1696,17,3
1697,1,1
1698,4,2
1699,1,1
1700,2,1
1701,11,2
1702,5,3
1703,1,1
1704,4,3
1705,8,4
1706,6,2
1707,3,1
1708,3,3
1709,9,4
1710,9,1
1711,8,1
1712,2,1
1713,1,1
1714,2,1
1715,6,2
1716,18,5
1717,2,2
1718,1,1
1719,10,5
1720,2,2
1721,17,3
1722,2,2
1723,4,2
1724,3,3
1725,10,4
1726,5,4
1727,8,3
1728,2,1
1729,16,2
1730,1,1
1731,2,2
1732,41,3
1733,5,4
1734,12,2
1735,2,1
1736,7,4
1737,2,1
1738,18,3
1739,1,1
1740,5,1
1741,22,4
1742,1,1
1743,26,5
1744,13,6
1745,1,1
1746,20,9
1747,2,2
1748,2,2
1749,1,1
1750,1,1
1751,1,1
1752,3,2
1753,11,4
1754,6,2
1755,11,2
1756,1,1
1757,1,1
1758,1,1
1759,16,3
1760,7,4
1761,81,3
1762,46,4
1763,5,3
1764,3,2
1765,1,1
1766,3,2
1767,1,1
1768,5,1
1769,1,1
1770,6,4
1771,21,4
1772,4,1
1773,16,3
1774,2,1
1775,3,2
1776,5,2
1777,26,2
1778,2,2
1779,1,1
1780,1,1
1781,2,2
1782,1,1
1783,29,2
1784,43,4
1785,1,1
1786,51,3
1787,1,1
1788,4,1
1789,4,1
1790,4,3
1791,20,3
1792,1,1
1793,15,4
1794,2,2
1795,5,2
1796,7,3
1797,3,3
1798,17,4
1799,16,4
1800,2,2
1801,51,6
1802,10,4
1803,29,6
1804,1,1
1805,2,1
1806,14,3
1807,29,3
1808,2,1
1809,1,1
1810,67,3
1811,2,2
1812,54,4
1813,1,1
1814,9,4
1815,10,5
1816,2,1
1817,1,1
1818,9,5
1819,5,2
1820,9,5
1821,1,1
1822,2,1
1823,1,1
1824,9,3
1825,36,5
1826,2,2
1827,3,2
1828,17,3
1829,1,1
1830,31,4
1831,4,1
1832,3,2
1833,1,1
1834,29,5
1835,9,5
1836,1,1
1837,5,3
1838,75,6
1839,5,2
1840,8,4
1841,1,1
1842,1,1
1843,2,2
1844,2,1
1845,3,2
1846,10,3
1847,1,1
1848,15,4
1849,17,5
1850,1,1
1851,6,3
1852,10,3
1853,2,1
1854,1,1
1855,3,2
1856,1,1
1857,7,2
1858,6,4
1859,7,3
1860,2,2
1861,3,2
1862,2,2
1863,3,1
1864,36,3
1865,2,1
1866,1,1
1867,11,4
1868,1,1
1869,1,1
1870,51,6
1871,4,2
1872,2,2
1873,2,1
1874,1,1
1875,14,2
1876,7,2
1877,4,2
1878,1,1
1879,3,1
1880,35,6
1881,1,1
1882,3,3
1883,246,7
1884,1,1
1885,2,2
1886,1,1
1887,1,1
1888,1,1
1889,1,1
1890,47,6
1891,13,4
1892,117,7
1893,1,1
1894,1,1
1895,2,2
1896,2,1
1897,6,2
1898,54,5
1899,1,1
1900,91,7
1901,1,1
1902,1,1
1903,1,1
1904,1,1
1905,28,5
1906,45,10
1907,1,1
1908,6,3
1909,1,1
1910,72,10
1911,1,1
1912,38,10
1913,2,2
1914,4,3
1915,8,3
1916,1,1
1917,5,3
1918,10,4
1919,16,5
1920,1,1
1921,1,1
1922,1,1
1923,62,3
1924,20,3
1925,19,3
1926,2,1
1927,45,5
1928,2,2
1929,3,2
1930,3,1
1931,6,2
1932,1,1
1933,24,3
1934,16,3
1935,11,4
1936,6,5
1937,5,3
1938,29,6
1939,2,2
1940,1,1
1941,34,4
1942,57,11
1943,1,1
1944,1,1
1945,1,1
1946,6,2
1947,1,1
1948,1,1
1949,1,1
1950,10,6
1951,2,2
1952,6,2
1953,1,1
1954,19,6
1955,3,2
1956,6,4
1957,1,1
1958,1,1
1959,5,4
1960,3,1
1961,1,1
1962,5,2
1963,2,2
1964,10,6
1965,1,1
1966,1,1
1967,2,2
1968,3,3
1969,1,1
1970,1,1
1971,4,3
1972,3,2
1973,8,3
1974,1,1
1975,1,1
1976,2,2
1977,16,2
1978,3,2
1979,2,2
1980,30,2
1981,5,2
1982,2,1
1983,15,3
1984,1,1
1985,1,1
1986,8,2
1987,24,4
1988,15,5
1989,1,1
1990,2,2
1991,1,1
1992,2,2
1993,15,5
1994,1,1
1995,10,2
1996,1,1
1997,15,4
1998,34,5
1999,3,1
2000,8,2
2001,48,9
2002,22,6
2003,1,1
2004,4,3
2005,2,2
2006,7,3
2007,1,1
2008,2,2
2009,7,3
2010,3,2
2011,2,2
2012,191,15
2013,3,1
2014,1,1
2015,1,1
2016,1,1
2017,2,2
2018,1,1
2019,3,2
2020,9,2
2021,1,1
2022,25,5
2023,2,1
2024,66,3
2025,39,4
2026,36,4
2027,1,1
2028,4,4
2029,2,1
2030,7,3
2031,3,1
2032,21,5
2033,11,4
2034,5,1
2035,4,1
2036,3,2
2037,4,2
2038,2,1
2039,4,2
2040,10,2
2041,1,1
2042,12,4
2043,3,2
2044,2,1
2045,1,1
2046,4,1
2047,2,1
2048,2,2
2049,21,6
2050,2,2
2051,12,4
2052,1,1
2053,1,1
2054,31,7
2055,1,1
2056,72,6
2057,7,3
2058,4,3
2059,1,1
2060,3,1
2061,1,1
2062,18,4
2063,21,4
2064,3,2
2065,10,3
2066,10,4
2067,37,4
2068,6,4
2069,49,5
2070,1,1
2071,8,5
2072,23,4
2073,12,3
2074,23,3
2075,8,3
2076,2,2
2077,1,1
2078,5,2
2079,16,3
2080,1,1
2081,1,1
2082,8,2
2083,1,1
2084,1,1
2085,5,2
2086,2,1
2087,10,2
2088,1,1
2089,1,1
2090,1,1
2091,23,5
2092,1,1
2093,2,2
2094,5,3
2095,25,4
2096,10,4
2097,1,1
2098,20,2
2099,1,1
2100,2,1
2101,1,1
2102,2,1
2103,1,1
2104,7,2
2105,2,2
2106,6,2
2107,28,3
2108,20,7
2109,68,6
2110,1,1
2111,1,1
2112,58,3
2113,1,1
2114,10,2
2115,13,3
2116,1,1
2117,3,2
2118,10,4
2119,3,2
2120,63,6
2121,4,3
2122,7,3
2123,44,8
2124,2,1
2125,1,1
2126,18,5
2127,1,1
2128,1,1
2129,18,3
2130,19,4
2131,2,2
2132,14,4
2133,53,6
2134,1,1
2135,18,4
2136,1,1
2137,15,2
2138,13,3
2139,5,2
2140,21,7
2141,1,1
2142,4,2
2143,24,3
2144,1,1
2145,16,3
2146,4,1
2147,11,4
2148,1,1
2149,6,3
2150,7,2
2151,3,2
2152,1,1
2153,2,2
2154,4,2
2155,4,3
2156,1,1
2157,1,1
2158,3,2
2159,1,1
2160,9,3
2161,5,1
2162,32,4
2163,1,1
2164,2,1
2165,1,1
2166,4,3
2167,4,2
2168,7,2
2169,9,3
2170,5,2
2171,2,2
2172,2,2
2173,6,1
2174,2,2
2175,4,3
2176,14,7
2177,1,1
2178,52,7
2179,23,5
2180,1,1
2181,6,3
2182,1,1
2183,1,1
2184,3,2
2185,1,1
2186,5,2
2187,1,1
2188,8,2
2189,1,1
2190,8,2
2191,7,3
2192,16,4
2193,2,1
2194,26,4
2195,1,1
2196,3,2
2197,5,3
2198,1,1
2199,12,3
2200,1,1
2201,4,2
2202,1,1
2203,2,1
2204,24,2
2205,2,1
2206,2,2
2207,1,1
2208,37,8
2209,4,2
2210,4,2
2211,5,2
2212,25,5
2213,4,3
2214,41,7
2215,22,7
2216,1,1
2217,3,2
2218,1,1
2219,5,2
2220,5,2
2221,34,6
2222,2,1
2223,1,1
2224,1,1
2225,6,2
2226,2,1
2227,5,2
2228,53,4
2229,9,4
2230,17,3
2231,17,4
2232,3,2
2233,19,4
2234,33,5
2235,45,8
2236,1,1
2237,10,7
2238,1,1
2239,1,1
2240,136,5
2241,1,1
2242,3,1
2243,11,3
2244,1,1
2245,1,1
2246,8,2
2247,3,2
2248,5,1
2249,2,2
2250,1,1
2251,35,4
2252,4,1
2253,7,5
2254,1,1
2255,2,1
2256,22,6
2257,1,1
2258,4,3
2259,5,3
2260,4,1
2261,12,2
2262,1,1
2263,57,6
2264,20,3
2265,17,3
2266,4,1
2267,1,1
2268,6,3
2269,1,1
2270,7,4
2271,1,1
2272,3,2
2273,20,4
2274,8,4
2275,9,5
2276,3,2
2277,2,2
2278,3,2
2279,1,1
2280,2,2
2281,4,2
2282,1,1
2283,5,4
2284,1,1
2285,9,2
2286,32,6
2287,1,1
2288,15,6
2289,2,2
2290,1,1
2291,8,3
2292,1,1
2293,3,1
2294,6,1
2295,11,3
2296,15,2
2297,2,1
2298,3,3
2299,1,1
2300,11,3
2301,10,2
2302,1,1
2303,21,5
2304,1,1
2305,33,4
2306,6,3
2307,9,2
2308,15,5
2309,56,5
2310,8,4
2311,8,2
2312,12,3
2313,1,1
2314,10,2
2315,18,4
2316,1,1
2317,11,4
2318,1,1
2319,15,4
2320,1,1
2321,4,1
2322,10,2
2323,2,2
2324,12,5
2325,17,3
2326,1,1
2327,1,1
2328,3,2
2329,2,2
2330,1,1
2331,2,1
2332,1,1
2333,18,5
2334,29,6
2335,7,5
2336,2,1
2337,13,6
2338,5,2
2339,23,8
2340,25,6
2341,1,1
2342,28,4
2343,5,2
2344,4,3
2345,6,3
2346,8,4
2347,1,1
2348,3,1
2349,2,2
2350,7,4
2351,2,2
2352,1,1
2353,3,1
2354,35,2
2355,2,1
2356,11,3
2357,33,3
2358,44,6
2359,1,1
2360,5,3
2361,1,1
2362,5,4
2363,2,2
2364,14,4
2365,34,5
2366,1,1
2367,2,1
2368,6,3
2369,14,5
2370,1,1
2371,1,1
2372,5,3
2373,1,1
2374,5,3
2375,28,12
2376,1,1
2377,6,2
2378,10,3
2379,1,1
2380,48,7
2381,20,7
2382,13,5
2383,19,3
2384,17,4
2385,4,3
2386,8,5
2387,2,2
2388,2,2
2389,2,1
2390,2,2
2391,3,3
2392,14,4
2393,1,1
2394,1,1
2395,4,4
2396,3,3
2397,14,4
2398,1,1
2399,4,1
2400,1,1
2401,9,3
2402,16,4
2403,10,3
2404,2,1
2405,1,1
2406,39,6
2407,1,1
2408,1,1
2409,1,1
2410,4,3
2411,6,4
2412,2,1
2413,3,1
2414,6,1
2415,6,3
2416,2,2
2417,1,1
2418,4,3
2419,2,1
2420,57,6
2421,1,1
2422,2,1
2423,1,1
2424,5,3
2425,6,3
2426,2,2
2427,1,1
2428,1,1
2429,2,1
2430,92,8
2431,2,2
2432,73,10
2433,1,1
2434,1,1
2435,1,1
2436,2,2
2437,5,4
2438,1,1
2439,8,4
2440,14,4
2441,2,2
2442,13,5
2443,20,4
2444,3,2
2445,1,1
2446,22,7
2447,1,1
2448,4,2
2449,1,1
2450,41,5
2451,1,1
2452,15,2
2453,3,3
2454,7,1
2455,1,1
2456,2,1
2457,1,1
2458,4,2
2459,20,6
2460,6,4
2461,6,3
2462,21,4
2463,1,1
2464,14,5
2465,146,9
2466,46,9
2467,2,1
2468,1,1
2469,12,4
2470,2,1
2471,3,1
2472,45,2
2473,4,1
2474,2,2
2475,25,4
2476,1,1
2477,9,3
2478,68,7
2479,8,4
2480,24,4
2481,1,1
2482,1,1
2483,120,10
2484,5,3
2485,2,2
2486,1,1
2487,3,1
2488,10,5
